z_init;mu_z0;mu_z1;seed;d;sdmu;n_small;n_large;Csurv;Bsurv;Cfec;Bfec;baseline_mortality;s_small;s_large;p_large;n_patches;time;z_small;varz_small;z_large;varz_large;n;freq_largefile
0;0.01;0.01;830375621;0.5;0.01;5;5;0;0;1;0.01;0.01;0.2;0.9;0.181818;500;100000;-9.14553e-05;0.000271289;-1.68365e-05;9.38761e-05;2500;0.18./sim_patch_size_25_01_2024_213940_1
0;0.01;0.01;549790046;0.5;0.01;5;5;0;0;1;0.746316;0.01;0.2;0.9;0.181818;500;100000;-7.44129e-05;0.000179731;-8.96568e-06;0.000180931;2500;0.178./sim_patch_size_25_01_2024_213940_2
0;0.01;0.01;1342702773;0.5;0.01;5;5;0;0;1;1.48263;0.01;0.2;0.9;0.181818;500;100000;-6.43272e-05;0.00045132;1.10882e-05;0.00019951;2500;0.198./sim_patch_size_25_01_2024_213940_3
0;0.01;0.01;1264404657;0.5;0.01;5;5;0;0;1;2.21895;0.01;0.2;0.9;0.181818;500;100000;-3.89993e-05;0.000458996;-3.28009e-05;0.000370525;2500;0.18./sim_patch_size_25_01_2024_213940_4
0;0.01;0.01;2245163541;0.5;0.01;5;5;0;0;1;2.95526;0.01;0.2;0.9;0.181818;500;100000;-3.77832e-05;0.000644377;2.50999e-06;0.000302982;2500;0.164./sim_patch_size_25_01_2024_213940_5
0;0.01;0.01;1383959582;0.5;0.01;5;5;0;0;1;3.69158;0.01;0.2;0.9;0.181818;500;100000;-2.23868e-05;0.000453149;-1.25662e-05;0.000410937;2500;0.236./sim_patch_size_25_01_2024_213940_6
0;0.01;0.01;3596997902;0.5;0.01;5;5;0;0;1;4.42789;0.01;0.2;0.9;0.181818;500;100000;-5.72546e-07;0.000522891;9.00682e-06;0.000623071;2500;0.19./sim_patch_size_25_01_2024_213940_7
0;0.01;0.01;3488552660;0.5;0.01;5;5;0;0;1;5.16421;0.01;0.2;0.9;0.181818;500;100000;1.6541e-05;0.000549329;1.44265e-05;0.00051796;2500;0.182./sim_patch_size_25_01_2024_213940_8
0;0.01;0.01;4056560395;0.5;0.01;5;5;0;0;1;5.90053;0.01;0.2;0.9;0.181818;500;100000;3.40875e-05;0.000346697;1.74338e-05;0.000254443;2500;0.176./sim_patch_size_25_01_2024_213940_9
0;0.01;0.01;1839485590;0.5;0.01;5;5;0;0;1;6.63684;0.01;0.2;0.9;0.181818;500;100000;3.76391e-05;0.000374791;-2.77584e-06;0.000556385;2500;0.146./sim_patch_size_25_01_2024_213940_10
0;0.01;0.01;903510651;0.5;0.01;5;5;0;0;1;7.37316;0.01;0.2;0.9;0.181818;500;100000;3.69308e-05;0.000180568;1.9604e-05;0.000220188;2500;0.214./sim_patch_size_25_01_2024_213940_11
0;0.01;0.01;1952913380;0.5;0.01;5;5;0;0;1;8.10947;0.01;0.2;0.9;0.181818;500;100000;7.06938e-05;0.000318952;5.32572e-08;0.000164568;2500;0.206./sim_patch_size_25_01_2024_213940_12
0;0.01;0.01;1132939058;0.5;0.01;5;5;0;0;1;8.84579;0.01;0.2;0.9;0.181818;500;100000;4.8403e-05;0.000394637;7.11509e-06;0.000238991;2500;0.202./sim_patch_size_25_01_2024_213940_13
0;0.01;0.01;625952548;0.5;0.01;5;5;0;0;1;9.58211;0.01;0.2;0.9;0.181818;500;100000;7.80369e-05;0.000459394;3.01867e-06;0.000442914;2500;0.166./sim_patch_size_25_01_2024_213940_14
0;0.01;0.01;3082604926;0.5;0.01;5;5;0;0;1;10.3184;0.01;0.2;0.9;0.181818;500;100000;6.69863e-05;0.000201212;1.56324e-05;0.000302265;2500;0.18./sim_patch_size_25_01_2024_213940_15
0;0.01;0.01;2447619412;0.5;0.01;5;5;0;0;1;11.0547;0.01;0.2;0.9;0.181818;500;100000;8.21665e-05;0.000381775;5.72902e-06;0.000188415;2500;0.172./sim_patch_size_25_01_2024_213940_16
0;0.01;0.01;2657534926;0.5;0.01;5;5;0;0;1;11.7911;0.01;0.2;0.9;0.181818;500;100000;7.34529e-05;0.000366222;2.69599e-05;0.000309778;2500;0.176./sim_patch_size_25_01_2024_213940_17
0;0.01;0.01;384934877;0.5;0.01;5;5;0;0;1;12.5274;0.01;0.2;0.9;0.181818;500;100000;7.28665e-05;0.000291946;1.07389e-06;0.000145918;2500;0.166./sim_patch_size_25_01_2024_213940_18
0;0.01;0.01;3906980864;0.5;0.01;5;5;0;0;1;13.2637;0.01;0.2;0.9;0.181818;500;100000;6.61454e-05;0.000416096;5.98535e-06;0.000847234;2500;0.164./sim_patch_size_25_01_2024_213940_19
0;0.01;0.01;1812837575;0.5;0.01;5;5;0;0;1;14;0.01;0.2;0.9;0.181818;500;100000;7.96533e-05;0.000657341;7.4406e-06;0.00065428;2500;0.198./sim_patch_size_25_01_2024_213940_20
0;0.01;0.01;556705936;0.5;0.01;5;5;0;0;1;0.01;0.0621053;0.2;0.9;0.181818;500;100000;-0.00043538;0.000310029;-6.40018e-05;0.000337187;2500;0.156./sim_patch_size_25_01_2024_213940_21
0;0.01;0.01;2623494977;0.5;0.01;5;5;0;0;1;0.746316;0.0621053;0.2;0.9;0.181818;500;100000;-0.000432387;0.000446465;-9.97144e-05;0.000240324;2500;0.188./sim_patch_size_25_01_2024_213940_22
0;0.01;0.01;3423325811;0.5;0.01;5;5;0;0;1;1.48263;0.0621053;0.2;0.9;0.181818;500;100000;-0.000487063;0.000316079;-0.000106515;0.000192428;2500;0.216./sim_patch_size_25_01_2024_213940_23
0;0.01;0.01;443510282;0.5;0.01;5;5;0;0;1;2.21895;0.0621053;0.2;0.9;0.181818;500;100000;-0.000339922;0.005458;3.60312e-05;0.00262608;2500;0.19./sim_patch_size_25_01_2024_213940_24
0;0.01;0.01;1324646490;0.5;0.01;5;5;0;0;1;2.95526;0.0621053;0.2;0.9;0.181818;500;100000;-0.0002393;0.000394431;0.000192968;0.00145099;2500;0.204./sim_patch_size_25_01_2024_213940_25
0;0.01;0.01;65495117;0.5;0.01;5;5;0;0;1;3.69158;0.0621053;0.2;0.9;0.181818;500;100000;-0.000190163;0.000461705;-4.48929e-05;0.00019409;2500;0.204./sim_patch_size_25_01_2024_213940_26
0;0.01;0.01;1165387070;0.5;0.01;5;5;0;0;1;4.42789;0.0621053;0.2;0.9;0.181818;500;100000;1.11803e-05;0.00171868;1.6516e-05;0.0068568;2500;0.152./sim_patch_size_25_01_2024_213940_27
0;0.01;0.01;480319919;0.5;0.01;5;5;0;0;1;5.16421;0.0621053;0.2;0.9;0.181818;500;100000;0.00013457;0.00050855;4.38634e-05;0.000652146;2500;0.188./sim_patch_size_25_01_2024_213940_28
0;0.01;0.01;901420072;0.5;0.01;5;5;0;0;1;5.90053;0.0621053;0.2;0.9;0.181818;500;100000;0.000167392;0.000720083;5.69301e-05;0.000762548;2500;0.168./sim_patch_size_25_01_2024_213940_29
0;0.01;0.01;3057417376;0.5;0.01;5;5;0;0;1;6.63684;0.0621053;0.2;0.9;0.181818;500;100000;0.000188993;0.000411848;4.07969e-05;0.000396013;2500;0.184./sim_patch_size_25_01_2024_213940_30
0;0.01;0.01;2442156298;0.5;0.01;5;5;0;0;1;7.37316;0.0621053;0.2;0.9;0.181818;500;100000;0.000195559;0.000354526;6.68917e-05;0.000931844;2500;0.186./sim_patch_size_25_01_2024_213940_31
0;0.01;0.01;1960208234;0.5;0.01;5;5;0;0;1;8.10947;0.0621053;0.2;0.9;0.181818;500;100000;0.000229352;0.00152054;6.17659e-05;0.000326646;2500;0.202./sim_patch_size_25_01_2024_213940_32
0;0.01;0.01;1788517412;0.5;0.01;5;5;0;0;1;8.84579;0.0621053;0.2;0.9;0.181818;500;100000;0.000266607;0.000911948;0.000109631;0.00138371;2500;0.194./sim_patch_size_25_01_2024_213940_33
0;0.01;0.01;3779434277;0.5;0.01;5;5;0;0;1;9.58211;0.0621053;0.2;0.9;0.181818;500;100000;0.000251138;0.000576719;7.57423e-05;0.000743281;2500;0.196./sim_patch_size_25_01_2024_213940_34
0;0.01;0.01;2254264209;0.5;0.01;5;5;0;0;1;10.3184;0.0621053;0.2;0.9;0.181818;500;100000;0.000291243;0.00082019;0.000120609;0.00037159;2500;0.178./sim_patch_size_25_01_2024_213940_35
0;0.01;0.01;3070582004;0.5;0.01;5;5;0;0;1;11.0547;0.0621053;0.2;0.9;0.181818;500;100000;0.000286177;0.000265384;-4.66489e-05;0.000598043;2500;0.198./sim_patch_size_25_01_2024_213940_36
0;0.01;0.01;3288716036;0.5;0.01;5;5;0;0;1;11.7911;0.0621053;0.2;0.9;0.181818;500;100000;0.000269883;0.00062796;7.48012e-05;0.000265633;2500;0.162./sim_patch_size_25_01_2024_213940_37
0;0.01;0.01;2936812306;0.5;0.01;5;5;0;0;1;12.5274;0.0621053;0.2;0.9;0.181818;500;100000;0.000307934;0.000321978;9.30179e-05;0.00030727;2500;0.206./sim_patch_size_25_01_2024_213940_38
0;0.01;0.01;3884882391;0.5;0.01;5;5;0;0;1;13.2637;0.0621053;0.2;0.9;0.181818;500;100000;0.000298031;0.000361967;1.65256e-05;0.000582576;2500;0.21./sim_patch_size_25_01_2024_213940_39
0;0.01;0.01;1488158307;0.5;0.01;5;5;0;0;1;14;0.0621053;0.2;0.9;0.181818;500;100000;0.000281765;0.000536657;4.71136e-05;0.000275156;2500;0.194./sim_patch_size_25_01_2024_213940_40
0;0.01;0.01;3038136847;0.5;0.01;5;5;0;0;1;0.01;0.114211;0.2;0.9;0.181818;500;100000;-0.00065785;0.000279056;-0.000144513;0.000428584;2500;0.17./sim_patch_size_25_01_2024_213940_41
0;0.01;0.01;1610625938;0.5;0.01;5;5;0;0;1;0.746316;0.114211;0.2;0.9;0.181818;500;100000;-0.000772245;0.000259766;-0.000186002;0.000325204;2500;0.178./sim_patch_size_25_01_2024_213940_42
0;0.01;0.01;437455606;0.5;0.01;5;5;0;0;1;1.48263;0.114211;0.2;0.9;0.181818;500;100000;-0.000863396;0.0165378;4.53717e-05;0.00062268;2500;0.188./sim_patch_size_25_01_2024_213940_43
0;0.01;0.01;3707413959;0.5;0.01;5;5;0;0;1;2.21895;0.114211;0.2;0.9;0.181818;500;100000;-0.0003562;0.011305;0.000177703;0.00164226;2500;0.196./sim_patch_size_25_01_2024_213940_44
0;0.01;0.01;3659968952;0.5;0.01;5;5;0;0;1;2.95526;0.114211;0.2;0.9;0.181818;500;100000;-0.000279427;0.00048983;0.000318684;0.000256811;2500;0.18./sim_patch_size_25_01_2024_213940_45
0;0.01;0.01;3950403841;0.5;0.01;5;5;0;0;1;3.69158;0.114211;0.2;0.9;0.181818;500;100000;-0.000371671;0.000638227;0.000282675;0.00105106;2500;0.192./sim_patch_size_25_01_2024_213940_46
0;0.01;0.01;3816175647;0.5;0.01;5;5;0;0;1;4.42789;0.114211;0.2;0.9;0.181818;500;100000;1.76851e-05;0.000329056;2.54061e-05;0.00103928;2500;0.164./sim_patch_size_25_01_2024_213940_47
0;0.01;0.01;3864525216;0.5;0.01;5;5;0;0;1;5.16421;0.114211;0.2;0.9;0.181818;500;100000;0.000172313;0.000991953;8.81905e-05;0.00113693;2500;0.178./sim_patch_size_25_01_2024_213940_48
0;0.01;0.01;1470507747;0.5;0.01;5;5;0;0;1;5.90053;0.114211;0.2;0.9;0.181818;500;100000;0.000246968;0.000953124;8.59689e-05;0.000370475;2500;0.228./sim_patch_size_25_01_2024_213940_49
0;0.01;0.01;2038999227;0.5;0.01;5;5;0;0;1;6.63684;0.114211;0.2;0.9;0.181818;500;100000;0.000348829;0.000338725;0.000116949;0.000183185;2500;0.194./sim_patch_size_25_01_2024_213940_50
0;0.01;0.01;1664002418;0.5;0.01;5;5;0;0;1;7.37316;0.114211;0.2;0.9;0.181818;500;100000;0.000289549;0.000926595;0.00012288;0.000858339;2500;0.172./sim_patch_size_25_01_2024_213940_51
0;0.01;0.01;3862090385;0.5;0.01;5;5;0;0;1;8.10947;0.114211;0.2;0.9;0.181818;500;100000;0.00033172;0.00123789;9.47068e-05;0.000658124;2500;0.178./sim_patch_size_25_01_2024_213940_52
0;0.01;0.01;3938308623;0.5;0.01;5;5;0;0;1;8.84579;0.114211;0.2;0.9;0.181818;500;100000;0.000437836;0.000526367;6.82737e-05;0.00110401;2500;0.158./sim_patch_size_25_01_2024_213940_53
0;0.01;0.01;403930966;0.5;0.01;5;5;0;0;1;9.58211;0.114211;0.2;0.9;0.181818;500;100000;0.000446425;0.000739024;0.000136408;0.000248071;2500;0.17./sim_patch_size_25_01_2024_213940_54
0;0.01;0.01;3724332184;0.5;0.01;5;5;0;0;1;10.3184;0.114211;0.2;0.9;0.181818;500;100000;0.000407503;0.00116188;0.000104349;0.000763499;2500;0.202./sim_patch_size_25_01_2024_213940_55
0;0.01;0.01;3305321024;0.5;0.01;5;5;0;0;1;11.0547;0.114211;0.2;0.9;0.181818;500;100000;0.000404171;0.000703779;7.82728e-05;0.000304887;2500;0.19./sim_patch_size_25_01_2024_213940_56
0;0.01;0.01;1838850132;0.5;0.01;5;5;0;0;1;11.7911;0.114211;0.2;0.9;0.181818;500;100000;0.000384208;0.00100678;0.000100851;0.00176726;2500;0.208./sim_patch_size_25_01_2024_213940_57
0;0.01;0.01;2174641554;0.5;0.01;5;5;0;0;1;12.5274;0.114211;0.2;0.9;0.181818;500;100000;0.000401301;0.000551838;0.000118283;0.000193537;2500;0.18./sim_patch_size_25_01_2024_213940_58
0;0.01;0.01;2542494831;0.5;0.01;5;5;0;0;1;13.2637;0.114211;0.2;0.9;0.181818;500;100000;0.000443881;0.000393166;9.13788e-05;0.000202541;2500;0.188./sim_patch_size_25_01_2024_213940_59
0;0.01;0.01;2042606744;0.5;0.01;5;5;0;0;1;14;0.114211;0.2;0.9;0.181818;500;100000;0.000438668;0.000730696;0.000136886;0.00164464;2500;0.186./sim_patch_size_25_01_2024_213940_60
0;0.01;0.01;2347512586;0.5;0.01;5;5;0;0;1;0.01;0.166316;0.2;0.9;0.181818;500;100000;-0.000930238;0.000371102;-0.000112575;0.00185286;2500;0.174./sim_patch_size_25_01_2024_213940_61
0;0.01;0.01;479739840;0.5;0.01;5;5;0;0;1;0.746316;0.166316;0.2;0.9;0.181818;500;100000;-0.000984193;0.000239603;-0.000291827;0.00046987;2500;0.174./sim_patch_size_25_01_2024_213940_62
0;0.01;0.01;1242695600;0.5;0.01;5;5;0;0;1;1.48263;0.166316;0.2;0.9;0.181818;500;100000;-0.000917065;0.070319;0.000151229;0.00647569;2500;0.174./sim_patch_size_25_01_2024_213940_63
0;0.01;0.01;3447024297;0.5;0.01;5;5;0;0;1;2.21895;0.166316;0.2;0.9;0.181818;500;100000;-0.000331939;0.00102841;0.000520497;0.000683661;2500;0.162./sim_patch_size_25_01_2024_213940_64
0;0.01;0.01;2660456577;0.5;0.01;5;5;0;0;1;2.95526;0.166316;0.2;0.9;0.181818;500;100000;-0.000347166;0.000237763;0.000504537;0.000153327;2500;0.168./sim_patch_size_25_01_2024_213940_65
0;0.01;0.01;1792812992;0.5;0.01;5;5;0;0;1;3.69158;0.166316;0.2;0.9;0.181818;500;100000;-0.000396234;0.00135336;0.000390402;0.000691459;2500;0.186./sim_patch_size_25_01_2024_213940_66
0;0.01;0.01;3646511368;0.5;0.01;5;5;0;0;1;4.42789;0.166316;0.2;0.9;0.181818;500;100000;8.20514e-06;0.0011188;-1.99377e-06;0.00116846;2500;0.196./sim_patch_size_25_01_2024_213940_67
0;0.01;0.01;795807288;0.5;0.01;5;5;0;0;1;5.16421;0.166316;0.2;0.9;0.181818;500;100000;0.000247519;0.000649877;9.40955e-05;0.00127448;2500;0.192./sim_patch_size_25_01_2024_213940_68
0;0.01;0.01;250711975;0.5;0.01;5;5;0;0;1;5.90053;0.166316;0.2;0.9;0.181818;500;100000;0.000345826;0.000578913;0.000109125;0.000779322;2500;0.166./sim_patch_size_25_01_2024_213940_69
0;0.01;0.01;2535735890;0.5;0.01;5;5;0;0;1;6.63684;0.166316;0.2;0.9;0.181818;500;100000;0.000392722;0.00133971;9.55116e-05;0.000945281;2500;0.198./sim_patch_size_25_01_2024_213940_70
0;0.01;0.01;1674922394;0.5;0.01;5;5;0;0;1;7.37316;0.166316;0.2;0.9;0.181818;500;100000;0.000467241;0.0011816;8.82752e-05;0.0004429;2500;0.18./sim_patch_size_25_01_2024_213940_71
0;0.01;0.01;1948198578;0.5;0.01;5;5;0;0;1;8.10947;0.166316;0.2;0.9;0.181818;500;100000;0.000464168;0.00173038;0.000122105;0.000602245;2500;0.162./sim_patch_size_25_01_2024_213940_72
0;0.01;0.01;4030268830;0.5;0.01;5;5;0;0;1;8.84579;0.166316;0.2;0.9;0.181818;500;100000;0.000509421;0.000242324;0.000167006;0.000188527;2500;0.182./sim_patch_size_25_01_2024_213940_73
0;0.01;0.01;765953108;0.5;0.01;5;5;0;0;1;9.58211;0.166316;0.2;0.9;0.181818;500;100000;0.000473318;0.000389786;0.000200303;0.000674013;2500;0.148./sim_patch_size_25_01_2024_213940_74
0;0.01;0.01;679750586;0.5;0.01;5;5;0;0;1;10.3184;0.166316;0.2;0.9;0.181818;500;100000;0.000453758;0.000397854;0.000218248;0.000156129;2500;0.15./sim_patch_size_25_01_2024_213940_75
0;0.01;0.01;3833361630;0.5;0.01;5;5;0;0;1;11.0547;0.166316;0.2;0.9;0.181818;500;100000;0.000571056;0.000449072;0.000107899;0.00145965;2500;0.176./sim_patch_size_25_01_2024_213940_76
0;0.01;0.01;5661360;0.5;0.01;5;5;0;0;1;11.7911;0.166316;0.2;0.9;0.181818;500;100000;0.000514541;0.000527896;0.000176568;0.001083;2500;0.214./sim_patch_size_25_01_2024_213940_77
0;0.01;0.01;519941473;0.5;0.01;5;5;0;0;1;12.5274;0.166316;0.2;0.9;0.181818;500;100000;0.000525126;0.000255687;7.6214e-05;0.00135726;2500;0.198./sim_patch_size_25_01_2024_213940_78
0;0.01;0.01;3738528913;0.5;0.01;5;5;0;0;1;13.2637;0.166316;0.2;0.9;0.181818;500;100000;0.000607692;0.00168533;7.729e-05;0.00121989;2500;0.184./sim_patch_size_25_01_2024_213940_79
0;0.01;0.01;181755320;0.5;0.01;5;5;0;0;1;14;0.166316;0.2;0.9;0.181818;500;100000;0.000626677;0.000258256;0.000107077;0.000998915;2500;0.148./sim_patch_size_25_01_2024_213940_80
0;0.01;0.01;352904224;0.5;0.01;5;5;0;0;1;0.01;0.218421;0.2;0.9;0.181818;500;100000;-0.00113287;0.000240926;-0.000311991;0.000371652;2500;0.184./sim_patch_size_25_01_2024_213940_81
0;0.01;0.01;211527658;0.5;0.01;5;5;0;0;1;0.746316;0.218421;0.2;0.9;0.181818;500;100000;-0.00131699;0.000200952;-0.00015672;0.00104342;2500;0.188./sim_patch_size_25_01_2024_213940_82
0;0.01;0.01;2717511670;0.5;0.01;5;5;0;0;1;1.48263;0.218421;0.2;0.9;0.181818;500;100000;-0.000938744;0.184772;0.000207135;0.148268;2500;0.18./sim_patch_size_25_01_2024_213940_83
0;0.01;0.01;1741158122;0.5;0.01;5;5;0;0;1;2.21895;0.218421;0.2;0.9;0.181818;500;100000;-0.000383013;0.048787;0.000575443;0.0132679;2500;0.178./sim_patch_size_25_01_2024_213940_84
0;0.01;0.01;2030516060;0.5;0.01;5;5;0;0;1;2.95526;0.218421;0.2;0.9;0.181818;500;100000;-0.0004381;0.00172348;0.000685905;0.000275437;2500;0.158./sim_patch_size_25_01_2024_213940_85
0;0.01;0.01;3084062377;0.5;0.01;5;5;0;0;1;3.69158;0.218421;0.2;0.9;0.181818;500;100000;-0.000526418;0.000844329;0.000540775;0.00102304;2500;0.186./sim_patch_size_25_01_2024_213940_86
0;0.01;0.01;3515030643;0.5;0.01;5;5;0;0;1;4.42789;0.218421;0.2;0.9;0.181818;500;100000;1.17326e-05;0.000676065;2.18833e-06;0.000654296;2500;0.18./sim_patch_size_25_01_2024_213940_87
0;0.01;0.01;4192581;0.5;0.01;5;5;0;0;1;5.16421;0.218421;0.2;0.9;0.181818;500;100000;0.000283475;0.000222562;0.000260238;0.00379385;2500;0.166./sim_patch_size_25_01_2024_213940_88
0;0.01;0.01;2252874531;0.5;0.01;5;5;0;0;1;5.90053;0.218421;0.2;0.9;0.181818;500;100000;0.000433797;0.00104518;0.000162932;0.000476498;2500;0.164./sim_patch_size_25_01_2024_213940_89
0;0.01;0.01;50118250;0.5;0.01;5;5;0;0;1;6.63684;0.218421;0.2;0.9;0.181818;500;100000;0.000472027;0.000164823;0.000177693;0.000216038;2500;0.188./sim_patch_size_25_01_2024_213940_90
0;0.01;0.01;1123944165;0.5;0.01;5;5;0;0;1;7.37316;0.218421;0.2;0.9;0.181818;500;100000;0.000490788;0.000882727;0.00024216;0.000979033;2500;0.172./sim_patch_size_25_01_2024_213940_91
0;0.01;0.01;3388581381;0.5;0.01;5;5;0;0;1;8.10947;0.218421;0.2;0.9;0.181818;500;100000;0.000604759;0.000933069;0.000202997;0.000194602;2500;0.204./sim_patch_size_25_01_2024_213940_92
0;0.01;0.01;3945949968;0.5;0.01;5;5;0;0;1;8.84579;0.218421;0.2;0.9;0.181818;500;100000;0.000555341;0.000383496;0.000225469;0.000184334;2500;0.154./sim_patch_size_25_01_2024_213940_93
0;0.01;0.01;1789737752;0.5;0.01;5;5;0;0;1;9.58211;0.218421;0.2;0.9;0.181818;500;100000;0.000576716;0.000585937;0.00013722;0.0024167;2500;0.17./sim_patch_size_25_01_2024_213940_94
0;0.01;0.01;3401407542;0.5;0.01;5;5;0;0;1;10.3184;0.218421;0.2;0.9;0.181818;500;100000;0.000675614;0.00209035;0.000144968;0.000704774;2500;0.18./sim_patch_size_25_01_2024_213940_95
0;0.01;0.01;3164651461;0.5;0.01;5;5;0;0;1;11.0547;0.218421;0.2;0.9;0.181818;500;100000;0.000678086;0.000279468;0.000128769;0.000566474;2500;0.202./sim_patch_size_25_01_2024_213940_96
0;0.01;0.01;3731796573;0.5;0.01;5;5;0;0;1;11.7911;0.218421;0.2;0.9;0.181818;500;100000;0.000678154;0.000509606;0.000178672;0.000600223;2500;0.178./sim_patch_size_25_01_2024_213940_97
0;0.01;0.01;4179424014;0.5;0.01;5;5;0;0;1;12.5274;0.218421;0.2;0.9;0.181818;500;100000;0.000681462;0.000406737;0.000186478;0.000424033;2500;0.202./sim_patch_size_25_01_2024_213940_98
0;0.01;0.01;267290767;0.5;0.01;5;5;0;0;1;13.2637;0.218421;0.2;0.9;0.181818;500;100000;0.000754158;0.00121637;0.000144605;0.000542871;2500;0.16./sim_patch_size_25_01_2024_213940_99
0;0.01;0.01;79475765;0.5;0.01;5;5;0;0;1;14;0.218421;0.2;0.9;0.181818;500;100000;0.00070165;0.000662911;0.000119363;0.00043362;2500;0.156./sim_patch_size_25_01_2024_213940_100
0;0.01;0.01;2149241495;0.5;0.01;5;5;0;0;1;0.01;0.270526;0.2;0.9;0.181818;500;100000;-0.00139415;0.000435269;-0.000202948;0.000397537;2500;0.172./sim_patch_size_25_01_2024_213940_101
0;0.01;0.01;1294970425;0.5;0.01;5;5;0;0;1;0.746316;0.270526;0.2;0.9;0.181818;500;100000;-0.00167987;0.000275053;-0.000138097;0.000504512;2500;0.172./sim_patch_size_25_01_2024_213940_102
0;0.01;0.01;3187646413;0.5;0.01;5;5;0;0;1;1.48263;0.270526;0.2;0.9;0.181818;500;100000;-0.000954467;0.217767;0.000491503;0.0352567;2500;0.17./sim_patch_size_25_01_2024_213940_103
0;0.01;0.01;152582946;0.5;0.01;5;5;0;0;1;2.21895;0.270526;0.2;0.9;0.181818;500;100000;-0.000345902;0.00381429;0.000742632;0.000671626;2500;0.182./sim_patch_size_25_01_2024_213940_104
0;0.01;0.01;4043562094;0.5;0.01;5;5;0;0;1;2.95526;0.270526;0.2;0.9;0.181818;500;100000;-0.000433098;0.000698521;0.000797949;0.000245473;2500;0.186./sim_patch_size_25_01_2024_213940_105
0;0.01;0.01;3836969871;0.5;0.01;5;5;0;0;1;3.69158;0.270526;0.2;0.9;0.181818;500;100000;-0.000564848;0.00111716;0.000490066;0.000417085;2500;0.186./sim_patch_size_25_01_2024_213940_106
0;0.01;0.01;3074766396;0.5;0.01;5;5;0;0;1;4.42789;0.270526;0.2;0.9;0.181818;500;100000;-6.89422e-05;0.000881645;-6.36365e-05;0.000755528;2500;0.166./sim_patch_size_25_01_2024_213940_107
0;0.01;0.01;1262884778;0.5;0.01;5;5;0;0;1;5.16421;0.270526;0.2;0.9;0.181818;500;100000;0.00036219;0.00105491;0.000147927;0.00115125;2500;0.184./sim_patch_size_25_01_2024_213940_108
0;0.01;0.01;1288007693;0.5;0.01;5;5;0;0;1;5.90053;0.270526;0.2;0.9;0.181818;500;100000;0.000495224;0.000324045;0.000170535;0.000289074;2500;0.198./sim_patch_size_25_01_2024_213940_109
0;0.01;0.01;15910556;0.5;0.01;5;5;0;0;1;6.63684;0.270526;0.2;0.9;0.181818;500;100000;0.000587052;0.00158234;0.000172534;0.000613805;2500;0.2./sim_patch_size_25_01_2024_213940_110
0;0.01;0.01;2880375756;0.5;0.01;5;5;0;0;1;7.37316;0.270526;0.2;0.9;0.181818;500;100000;0.000646125;0.000163384;0.000157256;0.000692947;2500;0.186./sim_patch_size_25_01_2024_213940_111
0;0.01;0.01;1502025183;0.5;0.01;5;5;0;0;1;8.10947;0.270526;0.2;0.9;0.181818;500;100000;0.000683487;0.00118165;0.00017213;0.00161136;2500;0.17./sim_patch_size_25_01_2024_213940_112
0;0.01;0.01;1079720171;0.5;0.01;5;5;0;0;1;8.84579;0.270526;0.2;0.9;0.181818;500;100000;0.000728346;0.000199919;0.000188864;0.00132161;2500;0.172./sim_patch_size_25_01_2024_213940_113
0;0.01;0.01;3908917920;0.5;0.01;5;5;0;0;1;9.58211;0.270526;0.2;0.9;0.181818;500;100000;0.000727225;0.00104749;0.000200722;0.000655629;2500;0.156./sim_patch_size_25_01_2024_213940_114
0;0.01;0.01;3512560596;0.5;0.01;5;5;0;0;1;10.3184;0.270526;0.2;0.9;0.181818;500;100000;0.000746235;0.00169644;0.000141044;0.000816722;2500;0.198./sim_patch_size_25_01_2024_213940_115
0;0.01;0.01;778772541;0.5;0.01;5;5;0;0;1;11.0547;0.270526;0.2;0.9;0.181818;500;100000;0.000716319;0.000539645;0.00023537;0.000779317;2500;0.17./sim_patch_size_25_01_2024_213940_116
0;0.01;0.01;1063339501;0.5;0.01;5;5;0;0;1;11.7911;0.270526;0.2;0.9;0.181818;500;100000;0.000793677;0.00119163;0.000138759;0.000554485;2500;0.194./sim_patch_size_25_01_2024_213940_117
0;0.01;0.01;2207030862;0.5;0.01;5;5;0;0;1;12.5274;0.270526;0.2;0.9;0.181818;500;100000;0.000743445;0.000537641;0.000189557;0.000957194;2500;0.176./sim_patch_size_25_01_2024_213940_118
0;0.01;0.01;2160369745;0.5;0.01;5;5;0;0;1;13.2637;0.270526;0.2;0.9;0.181818;500;100000;0.000751089;0.000447079;0.000245884;0.00192013;2500;0.196./sim_patch_size_25_01_2024_213940_119
0;0.01;0.01;4282020794;0.5;0.01;5;5;0;0;1;14;0.270526;0.2;0.9;0.181818;500;100000;0.000739777;0.000488725;0.000326052;0.000374301;2500;0.198./sim_patch_size_25_01_2024_213940_120
0;0.01;0.01;1706873825;0.5;0.01;5;5;0;0;1;0.01;0.322632;0.2;0.9;0.181818;500;100000;-0.00152213;0.000657544;-0.00032066;0.000270908;2500;0.178./sim_patch_size_25_01_2024_213940_121
0;0.01;0.01;994265037;0.5;0.01;5;5;0;0;1;0.746316;0.322632;0.2;0.9;0.181818;500;100000;-0.00198313;0.000339934;-0.00016942;0.000328765;2500;0.17./sim_patch_size_25_01_2024_213940_122
0;0.01;0.01;177691360;0.5;0.01;5;5;0;0;1;1.48263;0.322632;0.2;0.9;0.181818;500;100000;-0.000957943;0.250167;0.000450859;0.0822318;2500;0.194./sim_patch_size_25_01_2024_213940_123
0;0.01;0.01;2336133545;0.5;0.01;5;5;0;0;1;2.21895;0.322632;0.2;0.9;0.181818;500;100000;-0.000440752;0.000425745;0.000938796;0.000825828;2500;0.178./sim_patch_size_25_01_2024_213940_124
0;0.01;0.01;1825100251;0.5;0.01;5;5;0;0;1;2.95526;0.322632;0.2;0.9;0.181818;500;100000;-0.000323047;0.00020204;0.0010799;0.000363602;2500;0.188./sim_patch_size_25_01_2024_213940_125
0;0.01;0.01;2761729645;0.5;0.01;5;5;0;0;1;3.69158;0.322632;0.2;0.9;0.181818;500;100000;-0.000637117;0.00023598;0.000835359;0.000966151;2500;0.176./sim_patch_size_25_01_2024_213940_126
0;0.01;0.01;1795920366;0.5;0.01;5;5;0;0;1;4.42789;0.322632;0.2;0.9;0.181818;500;100000;-0.000244725;0.000259501;8.63878e-05;0.000604866;2500;0.176./sim_patch_size_25_01_2024_213940_127
0;0.01;0.01;2247797644;0.5;0.01;5;5;0;0;1;5.16421;0.322632;0.2;0.9;0.181818;500;100000;0.000361057;0.000561073;0.000208994;0.000393634;2500;0.2./sim_patch_size_25_01_2024_213940_128
0;0.01;0.01;3097370507;0.5;0.01;5;5;0;0;1;5.90053;0.322632;0.2;0.9;0.181818;500;100000;0.0004979;0.00138449;0.000208066;0.00157537;2500;0.164./sim_patch_size_25_01_2024_213940_129
0;0.01;0.01;1264893845;0.5;0.01;5;5;0;0;1;6.63684;0.322632;0.2;0.9;0.181818;500;100000;0.00068951;0.00384757;0.000211383;0.001495;2500;0.226./sim_patch_size_25_01_2024_213940_130
0;0.01;0.01;206852438;0.5;0.01;5;5;0;0;1;7.37316;0.322632;0.2;0.9;0.181818;500;100000;0.000761785;0.000379534;0.00015709;0.00139772;2500;0.226./sim_patch_size_25_01_2024_213940_131
0;0.01;0.01;2062073844;0.5;0.01;5;5;0;0;1;8.10947;0.322632;0.2;0.9;0.181818;500;100000;0.000799212;0.000348251;0.000129998;0.000933852;2500;0.188./sim_patch_size_25_01_2024_213940_132
0;0.01;0.01;4088191046;0.5;0.01;5;5;0;0;1;8.84579;0.322632;0.2;0.9;0.181818;500;100000;0.000792775;0.00134421;0.000254945;0.000241939;2500;0.186./sim_patch_size_25_01_2024_213940_133
0;0.01;0.01;2431184092;0.5;0.01;5;5;0;0;1;9.58211;0.322632;0.2;0.9;0.181818;500;100000;0.000831247;0.000602473;0.000206563;0.000364684;2500;0.162./sim_patch_size_25_01_2024_213940_134
0;0.01;0.01;1328364438;0.5;0.01;5;5;0;0;1;10.3184;0.322632;0.2;0.9;0.181818;500;100000;0.000784883;0.00078723;0.000252843;0.00193111;2500;0.174./sim_patch_size_25_01_2024_213940_135
0;0.01;0.01;3654553155;0.5;0.01;5;5;0;0;1;11.0547;0.322632;0.2;0.9;0.181818;500;100000;0.000858593;0.000256385;0.000294587;0.000261224;2500;0.17./sim_patch_size_25_01_2024_213940_136
0;0.01;0.01;367659949;0.5;0.01;5;5;0;0;1;11.7911;0.322632;0.2;0.9;0.181818;500;100000;0.000835752;0.00138666;0.000244755;0.00217968;2500;0.152./sim_patch_size_25_01_2024_213940_137
0;0.01;0.01;2607026471;0.5;0.01;5;5;0;0;1;12.5274;0.322632;0.2;0.9;0.181818;500;100000;0.000928052;0.000551511;-9.05699e-05;0.00363269;2500;0.202./sim_patch_size_25_01_2024_213940_138
0;0.01;0.01;1530564722;0.5;0.01;5;5;0;0;1;13.2637;0.322632;0.2;0.9;0.181818;500;100000;0.000935803;0.000806002;8.04406e-05;0.0010781;2500;0.18./sim_patch_size_25_01_2024_213940_139
0;0.01;0.01;1301184485;0.5;0.01;5;5;0;0;1;14;0.322632;0.2;0.9;0.181818;500;100000;0.000956486;0.000344569;0.000229187;0.00284525;2500;0.204./sim_patch_size_25_01_2024_213940_140
0;0.01;0.01;1931442461;0.5;0.01;5;5;0;0;1;0.01;0.374737;0.2;0.9;0.181818;500;100000;-0.0017616;0.000345647;-0.000472868;0.000806666;2500;0.194./sim_patch_size_25_01_2024_213940_141
0;0.01;0.01;3687259504;0.5;0.01;5;5;0;0;1;0.746316;0.374737;0.2;0.9;0.181818;500;100000;-0.00199664;8.6459e-05;-7.64965e-05;0.000383464;2500;0.158./sim_patch_size_25_01_2024_213940_142
0;0.01;0.01;122770320;0.5;0.01;5;5;0;0;1;1.48263;0.374737;0.2;0.9;0.181818;500;100000;-0.000836002;0.00574668;0.000584749;0.00237092;2500;0.164./sim_patch_size_25_01_2024_213940_143
0;0.01;0.01;499721787;0.5;0.01;5;5;0;0;1;2.21895;0.374737;0.2;0.9;0.181818;500;100000;-0.000437048;0.00131914;0.0011169;0.000746226;2500;0.174./sim_patch_size_25_01_2024_213940_144
0;0.01;0.01;1472663212;0.5;0.01;5;5;0;0;1;2.95526;0.374737;0.2;0.9;0.181818;500;100000;-0.000613864;0.000693862;0.00105459;0.000632207;2500;0.2./sim_patch_size_25_01_2024_213940_145
0;0.01;0.01;3339764723;0.5;0.01;5;5;0;0;1;3.69158;0.374737;0.2;0.9;0.181818;500;100000;-0.000796947;0.000409874;0.000853602;0.000318017;2500;0.17./sim_patch_size_25_01_2024_213940_146
0;0.01;0.01;4019282900;0.5;0.01;5;5;0;0;1;4.42789;0.374737;0.2;0.9;0.181818;500;100000;0.000503315;0.00123298;-0.000649297;0.00121219;2500;0.176./sim_patch_size_25_01_2024_213940_147
0;0.01;0.01;3251331273;0.5;0.01;5;5;0;0;1;5.16421;0.374737;0.2;0.9;0.181818;500;100000;0.000428636;0.000765675;0.000282112;0.00118851;2500;0.168./sim_patch_size_25_01_2024_213940_148
0;0.01;0.01;2405850870;0.5;0.01;5;5;0;0;1;5.90053;0.374737;0.2;0.9;0.181818;500;100000;0.000619889;0.000311485;0.000350822;0.00049433;2500;0.176./sim_patch_size_25_01_2024_213940_149
0;0.01;0.01;2153115626;0.5;0.01;5;5;0;0;1;6.63684;0.374737;0.2;0.9;0.181818;500;100000;0.000748625;0.000909214;0.000290062;0.00128513;2500;0.19./sim_patch_size_25_01_2024_213940_150
0;0.01;0.01;2805579805;0.5;0.01;5;5;0;0;1;7.37316;0.374737;0.2;0.9;0.181818;500;100000;0.000844784;0.00178961;0.000229086;0.00126429;2500;0.196./sim_patch_size_25_01_2024_213940_151
0;0.01;0.01;4152584402;0.5;0.01;5;5;0;0;1;8.10947;0.374737;0.2;0.9;0.181818;500;100000;0.000667386;0.000540655;0.000376345;0.00123203;2500;0.176./sim_patch_size_25_01_2024_213940_152
0;0.01;0.01;636065555;0.5;0.01;5;5;0;0;1;8.84579;0.374737;0.2;0.9;0.181818;500;100000;0.0008543;0.000557749;0.000219934;0.000265131;2500;0.186./sim_patch_size_25_01_2024_213940_153
0;0.01;0.01;3615276038;0.5;0.01;5;5;0;0;1;9.58211;0.374737;0.2;0.9;0.181818;500;100000;0.000839716;0.000616921;0.000328353;0.00036812;2500;0.19./sim_patch_size_25_01_2024_213940_154
0;0.01;0.01;4215097384;0.5;0.01;5;5;0;0;1;10.3184;0.374737;0.2;0.9;0.181818;500;100000;0.000923329;0.000784185;0.000194006;0.000543754;2500;0.178./sim_patch_size_25_01_2024_213940_155
0;0.01;0.01;46334840;0.5;0.01;5;5;0;0;1;11.0547;0.374737;0.2;0.9;0.181818;500;100000;0.000949717;0.00083352;0.000293827;0.000204323;2500;0.222./sim_patch_size_25_01_2024_213940_156
0;0.01;0.01;1580018697;0.5;0.01;5;5;0;0;1;11.7911;0.374737;0.2;0.9;0.181818;500;100000;0.000890533;0.000349975;0.000327176;0.00119232;2500;0.178./sim_patch_size_25_01_2024_213940_157
0;0.01;0.01;206683101;0.5;0.01;5;5;0;0;1;12.5274;0.374737;0.2;0.9;0.181818;500;100000;0.000907491;0.000418489;0.00026561;0.00034888;2500;0.172./sim_patch_size_25_01_2024_213940_158
0;0.01;0.01;2142706601;0.5;0.01;5;5;0;0;1;13.2637;0.374737;0.2;0.9;0.181818;500;100000;0.000975552;0.000573713;0.000230233;0.000232152;2500;0.182./sim_patch_size_25_01_2024_213940_159
0;0.01;0.01;65131898;0.5;0.01;5;5;0;0;1;14;0.374737;0.2;0.9;0.181818;500;100000;0.000968352;0.00121351;0.000307191;0.000673402;2500;0.18./sim_patch_size_25_01_2024_213940_160
0;0.01;0.01;3185375218;0.5;0.01;5;5;0;0;1;0.01;0.426842;0.2;0.9;0.181818;500;100000;-0.00189774;0.00139246;-0.000256609;0.00105854;2500;0.202./sim_patch_size_25_01_2024_213940_161
0;0.01;0.01;3935911536;0.5;0.01;5;5;0;0;1;0.746316;0.426842;0.2;0.9;0.181818;500;100000;-0.00199652;6.52712e-05;-0.000353592;0.00172147;2500;0.196./sim_patch_size_25_01_2024_213940_162
0;0.01;0.01;2570770783;0.5;0.01;5;5;0;0;1;1.48263;0.426842;0.2;0.9;0.181818;500;100000;-0.00109933;0.862566;0.000679769;0.0259128;2500;0.148./sim_patch_size_25_01_2024_213940_163
0;0.01;0.01;1206651927;0.5;0.01;5;5;0;0;1;2.21895;0.426842;0.2;0.9;0.181818;500;100000;-0.000446087;0.000286073;0.00102928;0.000332004;2500;0.194./sim_patch_size_25_01_2024_213940_164
0;0.01;0.01;233260688;0.5;0.01;5;5;0;0;1;2.95526;0.426842;0.2;0.9;0.181818;500;100000;-0.000501952;0.000359403;0.0012206;0.000626417;2500;0.152./sim_patch_size_25_01_2024_213940_165
0;0.01;0.01;4279573473;0.5;0.01;5;5;0;0;1;3.69158;0.426842;0.2;0.9;0.181818;500;100000;-0.000755544;0.00120111;0.000931789;0.00142231;2500;0.164./sim_patch_size_25_01_2024_213940_166
0;0.01;0.01;1322334662;0.5;0.01;5;5;0;0;1;4.42789;0.426842;0.2;0.9;0.181818;500;100000;0.000410791;0.00049446;-0.00079552;0.00131423;2500;0.154./sim_patch_size_25_01_2024_213940_167
0;0.01;0.01;589608691;0.5;0.01;5;5;0;0;1;5.16421;0.426842;0.2;0.9;0.181818;500;100000;0.000431304;0.00119168;0.000183901;0.000572547;2500;0.142./sim_patch_size_25_01_2024_213940_168
0;0.01;0.01;1322409683;0.5;0.01;5;5;0;0;1;5.90053;0.426842;0.2;0.9;0.181818;500;100000;0.000663262;0.00193025;0.000282899;0.00271306;2500;0.16./sim_patch_size_25_01_2024_213940_169
0;0.01;0.01;3905375699;0.5;0.01;5;5;0;0;1;6.63684;0.426842;0.2;0.9;0.181818;500;100000;0.000818492;0.00105365;0.00021134;0.0013239;2500;0.218./sim_patch_size_25_01_2024_213940_170
0;0.01;0.01;408549276;0.5;0.01;5;5;0;0;1;7.37316;0.426842;0.2;0.9;0.181818;500;100000;0.000825737;0.00147344;0.00038001;0.00241516;2500;0.132./sim_patch_size_25_01_2024_213940_171
0;0.01;0.01;3019245327;0.5;0.01;5;5;0;0;1;8.10947;0.426842;0.2;0.9;0.181818;500;100000;0.000890685;0.00138694;0.000280967;0.00144779;2500;0.17./sim_patch_size_25_01_2024_213940_172
0;0.01;0.01;855170443;0.5;0.01;5;5;0;0;1;8.84579;0.426842;0.2;0.9;0.181818;500;100000;0.000924759;0.000996757;0.000342504;0.00120722;2500;0.206./sim_patch_size_25_01_2024_213940_173
0;0.01;0.01;1086740382;0.5;0.01;5;5;0;0;1;9.58211;0.426842;0.2;0.9;0.181818;500;100000;0.00100209;0.00113502;0.000176214;0.000617325;2500;0.212./sim_patch_size_25_01_2024_213940_174
0;0.01;0.01;1326290635;0.5;0.01;5;5;0;0;1;10.3184;0.426842;0.2;0.9;0.181818;500;100000;0.0010556;0.00237459;0.000282279;0.00024565;2500;0.18./sim_patch_size_25_01_2024_213940_175
0;0.01;0.01;4020290659;0.5;0.01;5;5;0;0;1;11.0547;0.426842;0.2;0.9;0.181818;500;100000;0.000893843;0.0016403;0.00023167;0.00135638;2500;0.174./sim_patch_size_25_01_2024_213940_176
0;0.01;0.01;597327929;0.5;0.01;5;5;0;0;1;11.7911;0.426842;0.2;0.9;0.181818;500;100000;0.00109811;0.000566357;7.90417e-05;0.000306093;2500;0.158./sim_patch_size_25_01_2024_213940_177
0;0.01;0.01;2190875078;0.5;0.01;5;5;0;0;1;12.5274;0.426842;0.2;0.9;0.181818;500;100000;0.00107782;0.000831252;0.000388137;0.0010669;2500;0.186./sim_patch_size_25_01_2024_213940_178
0;0.01;0.01;3529493006;0.5;0.01;5;5;0;0;1;13.2637;0.426842;0.2;0.9;0.181818;500;100000;0.00106153;0.00060662;0.000400051;0.00147267;2500;0.188./sim_patch_size_25_01_2024_213940_179
0;0.01;0.01;3453553729;0.5;0.01;5;5;0;0;1;14;0.426842;0.2;0.9;0.181818;500;100000;0.00116309;0.000194892;0.000171439;0.000527026;2500;0.18./sim_patch_size_25_01_2024_213940_180
0;0.01;0.01;2582812588;0.5;0.01;5;5;0;0;1;0.01;0.478947;0.2;0.9;0.181818;500;100000;-0.00199681;6.90754e-05;-0.000501639;0.000867152;2500;0.198./sim_patch_size_25_01_2024_213940_181
0;0.01;0.01;4135845104;0.5;0.01;5;5;0;0;1;0.746316;0.478947;0.2;0.9;0.181818;500;100000;-0.00199783;6.10317e-05;-0.000307809;0.00104578;2500;0.18./sim_patch_size_25_01_2024_213940_182
0;0.01;0.01;442482953;0.5;0.01;5;5;0;0;1;1.48263;0.478947;0.2;0.9;0.181818;500;100000;-0.0010692;0.87571;0.000728484;0.202651;2500;0.166./sim_patch_size_25_01_2024_213940_183
0;0.01;0.01;234042892;0.5;0.01;5;5;0;0;1;2.21895;0.478947;0.2;0.9;0.181818;500;100000;-0.000343514;0.00461129;0.00115337;0.000685886;2500;0.204./sim_patch_size_25_01_2024_213940_184
0;0.01;0.01;2848271987;0.5;0.01;5;5;0;0;1;2.95526;0.478947;0.2;0.9;0.181818;500;100000;-0.00057514;0.00045559;0.00123261;0.000269312;2500;0.178./sim_patch_size_25_01_2024_213940_185
0;0.01;0.01;941147863;0.5;0.01;5;5;0;0;1;3.69158;0.478947;0.2;0.9;0.181818;500;100000;-0.000659735;0.000787526;0.00103515;0.000626922;2500;0.156./sim_patch_size_25_01_2024_213940_186
0;0.01;0.01;1802800375;0.5;0.01;5;5;0;0;1;4.42789;0.478947;0.2;0.9;0.181818;500;100000;-0.000740327;0.000450773;0.000638318;0.00101888;2500;0.194./sim_patch_size_25_01_2024_213940_187
0;0.01;0.01;2569439047;0.5;0.01;5;5;0;0;1;5.16421;0.478947;0.2;0.9;0.181818;500;100000;0.000565362;0.00164301;0.000394238;0.000379824;2500;0.192./sim_patch_size_25_01_2024_213940_188
0;0.01;0.01;779359392;0.5;0.01;5;5;0;0;1;5.90053;0.478947;0.2;0.9;0.181818;500;100000;0.000643736;0.000562922;0.000385876;0.00118952;2500;0.204./sim_patch_size_25_01_2024_213940_189
0;0.01;0.01;2856733045;0.5;0.01;5;5;0;0;1;6.63684;0.478947;0.2;0.9;0.181818;500;100000;0.000862241;0.0002973;0.000261268;0.00103911;2500;0.174./sim_patch_size_25_01_2024_213940_190
0;0.01;0.01;1986109784;0.5;0.01;5;5;0;0;1;7.37316;0.478947;0.2;0.9;0.181818;500;100000;0.000959293;0.000982207;0.000324699;0.000192139;2500;0.172./sim_patch_size_25_01_2024_213940_191
0;0.01;0.01;3661660841;0.5;0.01;5;5;0;0;1;8.10947;0.478947;0.2;0.9;0.181818;500;100000;0.000998334;0.00283267;0.000358212;0.000425819;2500;0.176./sim_patch_size_25_01_2024_213940_192
0;0.01;0.01;2439252685;0.5;0.01;5;5;0;0;1;8.84579;0.478947;0.2;0.9;0.181818;500;100000;0.000980566;0.00100049;0.000263568;0.000435175;2500;0.194./sim_patch_size_25_01_2024_213940_193
0;0.01;0.01;4221177382;0.5;0.01;5;5;0;0;1;9.58211;0.478947;0.2;0.9;0.181818;500;100000;0.0010719;0.00110118;0.000469415;0.00453788;2500;0.198./sim_patch_size_25_01_2024_213940_194
0;0.01;0.01;1264470058;0.5;0.01;5;5;0;0;1;10.3184;0.478947;0.2;0.9;0.181818;500;100000;0.00115657;0.00102631;0.000211527;0.000288254;2500;0.186./sim_patch_size_25_01_2024_213940_195
0;0.01;0.01;2277205567;0.5;0.01;5;5;0;0;1;11.0547;0.478947;0.2;0.9;0.181818;500;100000;0.00107506;0.000576704;0.000436597;0.000974398;2500;0.174./sim_patch_size_25_01_2024_213940_196
0;0.01;0.01;502056331;0.5;0.01;5;5;0;0;1;11.7911;0.478947;0.2;0.9;0.181818;500;100000;0.00119785;0.00129679;0.000345813;0.00123178;2500;0.156./sim_patch_size_25_01_2024_213940_197
0;0.01;0.01;2908670462;0.5;0.01;5;5;0;0;1;12.5274;0.478947;0.2;0.9;0.181818;500;100000;0.00114333;0.00226656;0.000300558;0.00161435;2500;0.19./sim_patch_size_25_01_2024_213940_198
0;0.01;0.01;1489167816;0.5;0.01;5;5;0;0;1;13.2637;0.478947;0.2;0.9;0.181818;500;100000;0.00115156;0.000542726;0.000402953;0.00211269;2500;0.2./sim_patch_size_25_01_2024_213940_199
0;0.01;0.01;1330269497;0.5;0.01;5;5;0;0;1;14;0.478947;0.2;0.9;0.181818;500;100000;0.00105185;0.00281883;0.000355612;0.00586829;2500;0.228./sim_patch_size_25_01_2024_213940_200
0;0.01;0.01;3361573155;0.5;0.01;5;5;0;0;1;0.01;0.531053;0.2;0.9;0.181818;500;100000;-0.00199655;9.6909e-05;-0.000508282;0.00195398;2500;0.202./sim_patch_size_25_01_2024_213940_201
0;0.01;0.01;3196516389;0.5;0.01;5;5;0;0;1;0.746316;0.531053;0.2;0.9;0.181818;500;100000;-0.00199759;6.59175e-05;-2.29645e-05;0.00176265;2500;0.18./sim_patch_size_25_01_2024_213940_202
0;0.01;0.01;2729818536;0.5;0.01;5;5;0;0;1;1.48263;0.531053;0.2;0.9;0.181818;500;100000;-0.00106573;0.657162;0.0008599;0.0287626;2500;0.212./sim_patch_size_25_01_2024_213940_203
0;0.01;0.01;3312653776;0.5;0.01;5;5;0;0;1;2.21895;0.531053;0.2;0.9;0.181818;500;100000;-0.000342993;0.000247567;0.00137314;0.000396739;2500;0.18./sim_patch_size_25_01_2024_213940_204
0;0.01;0.01;4106921035;0.5;0.01;5;5;0;0;1;2.95526;0.531053;0.2;0.9;0.181818;500;100000;-0.00068593;0.000645915;0.00154548;0.000532809;2500;0.16./sim_patch_size_25_01_2024_213940_205
0;0.01;0.01;2198152836;0.5;0.01;5;5;0;0;1;3.69158;0.531053;0.2;0.9;0.181818;500;100000;-0.000913258;0.00101235;0.000983895;0.000286231;2500;0.17./sim_patch_size_25_01_2024_213940_206
0;0.01;0.01;3102491231;0.5;0.01;5;5;0;0;1;4.42789;0.531053;0.2;0.9;0.181818;500;100000;-0.00098271;0.000429448;0.000624977;0.000417103;2500;0.178./sim_patch_size_25_01_2024_213940_207
0;0.01;0.01;2038275664;0.5;0.01;5;5;0;0;1;5.16421;0.531053;0.2;0.9;0.181818;500;100000;0.000575998;0.00240495;0.000235539;0.000871573;2500;0.176./sim_patch_size_25_01_2024_213940_208
0;0.01;0.01;3538767255;0.5;0.01;5;5;0;0;1;5.90053;0.531053;0.2;0.9;0.181818;500;100000;0.000718028;0.00123803;0.000426017;0.000548512;2500;0.192./sim_patch_size_25_01_2024_213940_209
0;0.01;0.01;897787502;0.5;0.01;5;5;0;0;1;6.63684;0.531053;0.2;0.9;0.181818;500;100000;0.000991831;0.00108;0.000420318;0.0018285;2500;0.162./sim_patch_size_25_01_2024_213940_210
0;0.01;0.01;1995729606;0.5;0.01;5;5;0;0;1;7.37316;0.531053;0.2;0.9;0.181818;500;100000;0.00103793;0.000623661;0.000262256;0.00333252;2500;0.208./sim_patch_size_25_01_2024_213940_211
0;0.01;0.01;3541315814;0.5;0.01;5;5;0;0;1;8.10947;0.531053;0.2;0.9;0.181818;500;100000;0.00106376;0.000346453;0.000365688;0.000421879;2500;0.198./sim_patch_size_25_01_2024_213940_212
0;0.01;0.01;627242035;0.5;0.01;5;5;0;0;1;8.84579;0.531053;0.2;0.9;0.181818;500;100000;0.00100838;0.00205568;0.000417808;0.00154095;2500;0.158./sim_patch_size_25_01_2024_213940_213
0;0.01;0.01;3283960442;0.5;0.01;5;5;0;0;1;9.58211;0.531053;0.2;0.9;0.181818;500;100000;0.00109368;0.000927659;0.000425388;0.000677781;2500;0.19./sim_patch_size_25_01_2024_213940_214
0;0.01;0.01;2327530861;0.5;0.01;5;5;0;0;1;10.3184;0.531053;0.2;0.9;0.181818;500;100000;0.00115191;0.000764191;0.00015717;0.000488028;2500;0.166./sim_patch_size_25_01_2024_213940_215
0;0.01;0.01;4191941316;0.5;0.01;5;5;0;0;1;11.0547;0.531053;0.2;0.9;0.181818;500;100000;0.00109201;0.000758987;0.000452567;0.000624483;2500;0.182./sim_patch_size_25_01_2024_213940_216
0;0.01;0.01;621541463;0.5;0.01;5;5;0;0;1;11.7911;0.531053;0.2;0.9;0.181818;500;100000;0.0012586;0.00120104;0.000426682;0.000683599;2500;0.184./sim_patch_size_25_01_2024_213940_217
0;0.01;0.01;1200710363;0.5;0.01;5;5;0;0;1;12.5274;0.531053;0.2;0.9;0.181818;500;100000;0.00105356;0.000712438;0.000323921;0.00129413;2500;0.16./sim_patch_size_25_01_2024_213940_218
0;0.01;0.01;2381925429;0.5;0.01;5;5;0;0;1;13.2637;0.531053;0.2;0.9;0.181818;500;100000;0.00124059;0.000727667;0.000357204;0.000605195;2500;0.168./sim_patch_size_25_01_2024_213940_219
0;0.01;0.01;2644308751;0.5;0.01;5;5;0;0;1;14;0.531053;0.2;0.9;0.181818;500;100000;0.00117523;0.00082877;0.000268195;0.00177853;2500;0.166./sim_patch_size_25_01_2024_213940_220
0;0.01;0.01;2546658715;0.5;0.01;5;5;0;0;1;0.01;0.583158;0.2;0.9;0.181818;500;100000;-0.00199289;0.000229145;-0.000395629;0.00106721;2500;0.192./sim_patch_size_25_01_2024_213940_221
0;0.01;0.01;3445133643;0.5;0.01;5;5;0;0;1;0.746316;0.583158;0.2;0.9;0.181818;500;100000;-0.00199694;9.90883e-05;0.000119934;0.000703797;2500;0.178./sim_patch_size_25_01_2024_213940_222
0;0.01;0.01;3408684959;0.5;0.01;5;5;0;0;1;1.48263;0.583158;0.2;0.9;0.181818;500;100000;-0.00108514;0.697564;0.00102014;0.0907761;2500;0.206./sim_patch_size_25_01_2024_213940_223
0;0.01;0.01;377878893;0.5;0.01;5;5;0;0;1;2.21895;0.583158;0.2;0.9;0.181818;500;100000;-0.000351275;0.000262564;0.0014919;0.000249062;2500;0.17./sim_patch_size_25_01_2024_213940_224
0;0.01;0.01;676347527;0.5;0.01;5;5;0;0;1;2.95526;0.583158;0.2;0.9;0.181818;500;100000;-0.000701841;0.000371808;0.00132903;0.00203039;2500;0.174./sim_patch_size_25_01_2024_213940_225
0;0.01;0.01;3753187165;0.5;0.01;5;5;0;0;1;3.69158;0.583158;0.2;0.9;0.181818;500;100000;-0.000804735;0.000799774;0.00116684;0.00112086;2500;0.226./sim_patch_size_25_01_2024_213940_226
0;0.01;0.01;55582636;0.5;0.01;5;5;0;0;1;4.42789;0.583158;0.2;0.9;0.181818;500;100000;0.000661194;0.000836889;-0.00111919;0.00137595;2500;0.17./sim_patch_size_25_01_2024_213940_227
0;0.01;0.01;1660523757;0.5;0.01;5;5;0;0;1;5.16421;0.583158;0.2;0.9;0.181818;500;100000;0.000496791;0.00170751;0.000372184;0.00105068;2500;0.182./sim_patch_size_25_01_2024_213940_228
0;0.01;0.01;3746988034;0.5;0.01;5;5;0;0;1;5.90053;0.583158;0.2;0.9;0.181818;500;100000;0.000672365;0.000940219;0.000320893;0.00127339;2500;0.184./sim_patch_size_25_01_2024_213940_229
0;0.01;0.01;2735665321;0.5;0.01;5;5;0;0;1;6.63684;0.583158;0.2;0.9;0.181818;500;100000;0.000826238;0.00226996;0.000379834;0.000684391;2500;0.184./sim_patch_size_25_01_2024_213940_230
0;0.01;0.01;3975066285;0.5;0.01;5;5;0;0;1;7.37316;0.583158;0.2;0.9;0.181818;500;100000;0.00102336;0.00147308;0.000335203;0.00268098;2500;0.192./sim_patch_size_25_01_2024_213940_231
0;0.01;0.01;1613567923;0.5;0.01;5;5;0;0;1;8.10947;0.583158;0.2;0.9;0.181818;500;100000;0.00107915;0.00118042;0.000382213;0.000500528;2500;0.18./sim_patch_size_25_01_2024_213940_232
0;0.01;0.01;3292804725;0.5;0.01;5;5;0;0;1;8.84579;0.583158;0.2;0.9;0.181818;500;100000;0.00113892;0.0043591;0.000357233;0.000614949;2500;0.198./sim_patch_size_25_01_2024_213940_233
0;0.01;0.01;3599975242;0.5;0.01;5;5;0;0;1;9.58211;0.583158;0.2;0.9;0.181818;500;100000;0.00112788;0.000288926;0.000368384;0.000437182;2500;0.15./sim_patch_size_25_01_2024_213940_234
0;0.01;0.01;72207775;0.5;0.01;5;5;0;0;1;10.3184;0.583158;0.2;0.9;0.181818;500;100000;0.00118899;0.00193418;0.000417979;0.000657945;2500;0.184./sim_patch_size_25_01_2024_213940_235
0;0.01;0.01;1502529986;0.5;0.01;5;5;0;0;1;11.0547;0.583158;0.2;0.9;0.181818;500;100000;0.00123209;0.000761261;0.000256697;0.00150441;2500;0.15./sim_patch_size_25_01_2024_213940_236
0;0.01;0.01;3882186335;0.5;0.01;5;5;0;0;1;11.7911;0.583158;0.2;0.9;0.181818;500;100000;0.00115738;0.00114982;0.000497368;0.000483673;2500;0.166./sim_patch_size_25_01_2024_213940_237
0;0.01;0.01;3222849023;0.5;0.01;5;5;0;0;1;12.5274;0.583158;0.2;0.9;0.181818;500;100000;0.00128784;0.000552371;0.000406336;0.00109515;2500;0.182./sim_patch_size_25_01_2024_213940_238
0;0.01;0.01;1156415885;0.5;0.01;5;5;0;0;1;13.2637;0.583158;0.2;0.9;0.181818;500;100000;0.00132498;0.00181056;0.000379047;0.00161886;2500;0.194./sim_patch_size_25_01_2024_213940_239
0;0.01;0.01;2992654471;0.5;0.01;5;5;0;0;1;14;0.583158;0.2;0.9;0.181818;500;100000;0.00129014;0.00271944;0.00040065;0.00437641;2500;0.172./sim_patch_size_25_01_2024_213940_240
0;0.01;0.01;978175708;0.5;0.01;5;5;0;0;1;0.01;0.635263;0.2;0.9;0.181818;500;100000;-0.00199671;0.000155386;-0.000740824;0.00112074;2500;0.202./sim_patch_size_25_01_2024_213940_241
0;0.01;0.01;2745875959;0.5;0.01;5;5;0;0;1;0.746316;0.635263;0.2;0.9;0.181818;500;100000;-0.0019984;4.95255e-05;-0.00016002;0.00121986;2500;0.19./sim_patch_size_25_01_2024_213940_242
0;0.01;0.01;4131888074;0.5;0.01;5;5;0;0;1;1.48263;0.635263;0.2;0.9;0.181818;500;100000;-0.00118396;1.44274;0.00097613;0.0301675;2500;0.178./sim_patch_size_25_01_2024_213940_243
0;0.01;0.01;2601459487;0.5;0.01;5;5;0;0;1;2.21895;0.635263;0.2;0.9;0.181818;500;100000;-0.00032898;0.000690997;0.00139108;0.000253434;2500;0.2./sim_patch_size_25_01_2024_213940_244
0;0.01;0.01;2023035664;0.5;0.01;5;5;0;0;1;2.95526;0.635263;0.2;0.9;0.181818;500;100000;-0.000563534;0.000362455;0.00149415;0.00121008;2500;0.18./sim_patch_size_25_01_2024_213940_245
0;0.01;0.01;3426824296;0.5;0.01;5;5;0;0;1;3.69158;0.635263;0.2;0.9;0.181818;500;100000;-0.000804717;0.00144366;0.0014581;0.000918999;2500;0.188./sim_patch_size_25_01_2024_213940_246
0;0.01;0.01;646017739;0.5;0.01;5;5;0;0;1;4.42789;0.635263;0.2;0.9;0.181818;500;100000;-0.000931582;0.000968295;0.00102546;0.000427762;2500;0.208./sim_patch_size_25_01_2024_213940_247
0;0.01;0.01;402304503;0.5;0.01;5;5;0;0;1;5.16421;0.635263;0.2;0.9;0.181818;500;100000;0.000552481;0.00642557;0.000397489;0.000517315;2500;0.154./sim_patch_size_25_01_2024_213940_248
0;0.01;0.01;1957260831;0.5;0.01;5;5;0;0;1;5.90053;0.635263;0.2;0.9;0.181818;500;100000;0.000776603;0.00263119;0.000562686;0.000845187;2500;0.154./sim_patch_size_25_01_2024_213940_249
0;0.01;0.01;4035614664;0.5;0.01;5;5;0;0;1;6.63684;0.635263;0.2;0.9;0.181818;500;100000;0.000955524;0.00207341;0.000385338;0.00217122;2500;0.152./sim_patch_size_25_01_2024_213940_250
0;0.01;0.01;2265660026;0.5;0.01;5;5;0;0;1;7.37316;0.635263;0.2;0.9;0.181818;500;100000;0.00117905;0.000852465;0.000305461;0.000492489;2500;0.2./sim_patch_size_25_01_2024_213940_251
0;0.01;0.01;2000103581;0.5;0.01;5;5;0;0;1;8.10947;0.635263;0.2;0.9;0.181818;500;100000;0.00103915;0.00435269;0.000479159;0.00298016;2500;0.18./sim_patch_size_25_01_2024_213940_252
0;0.01;0.01;3908018723;0.5;0.01;5;5;0;0;1;8.84579;0.635263;0.2;0.9;0.181818;500;100000;0.00116341;0.00160288;0.000445445;0.000889307;2500;0.188./sim_patch_size_25_01_2024_213940_253
0;0.01;0.01;1205126404;0.5;0.01;5;5;0;0;1;9.58211;0.635263;0.2;0.9;0.181818;500;100000;0.0012925;0.00142155;0.000305975;0.000673232;2500;0.202./sim_patch_size_25_01_2024_213940_254
0;0.01;0.01;2879955164;0.5;0.01;5;5;0;0;1;10.3184;0.635263;0.2;0.9;0.181818;500;100000;0.00136486;0.000490982;0.000387685;0.00048505;2500;0.18./sim_patch_size_25_01_2024_213940_255
0;0.01;0.01;2506272150;0.5;0.01;5;5;0;0;1;11.0547;0.635263;0.2;0.9;0.181818;500;100000;0.00131078;0.00171699;0.000553645;0.000851754;2500;0.152./sim_patch_size_25_01_2024_213940_256
0;0.01;0.01;309191509;0.5;0.01;5;5;0;0;1;11.7911;0.635263;0.2;0.9;0.181818;500;100000;0.00118743;0.00140036;0.000633543;0.000688418;2500;0.192./sim_patch_size_25_01_2024_213940_257
0;0.01;0.01;1053120993;0.5;0.01;5;5;0;0;1;12.5274;0.635263;0.2;0.9;0.181818;500;100000;0.00149895;0.00205054;0.00039358;0.00218998;2500;0.19./sim_patch_size_25_01_2024_213940_258
0;0.01;0.01;724421048;0.5;0.01;5;5;0;0;1;13.2637;0.635263;0.2;0.9;0.181818;500;100000;0.00135666;0.000593744;0.000344186;0.00101191;2500;0.196./sim_patch_size_25_01_2024_213940_259
0;0.01;0.01;4113143571;0.5;0.01;5;5;0;0;1;14;0.635263;0.2;0.9;0.181818;500;100000;0.00127764;0.00162968;0.000487129;0.000219195;2500;0.182./sim_patch_size_25_01_2024_213940_260
0;0.01;0.01;3957191869;0.5;0.01;5;5;0;0;1;0.01;0.687368;0.2;0.9;0.181818;500;100000;-0.00199775;5.8069e-05;-0.000821808;0.00050585;2500;0.206./sim_patch_size_25_01_2024_213940_261
0;0.01;0.01;4167534157;0.5;0.01;5;5;0;0;1;0.746316;0.687368;0.2;0.9;0.181818;500;100000;-0.00199823;6.35989e-05;-5.01786e-05;0.00262971;2500;0.202./sim_patch_size_25_01_2024_213940_262
0;0.01;0.01;2765337606;0.5;0.01;5;5;0;0;1;1.48263;0.687368;0.2;0.9;0.181818;500;100000;-0.00108122;1.03059;0.00112217;0.045036;2500;0.178./sim_patch_size_25_01_2024_213940_263
0;0.01;0.01;2844766773;0.5;0.01;5;5;0;0;1;2.21895;0.687368;0.2;0.9;0.181818;500;100000;-0.000350907;0.00600871;0.00166803;0.000157805;2500;0.168./sim_patch_size_25_01_2024_213940_264
0;0.01;0.01;1059013970;0.5;0.01;5;5;0;0;1;2.95526;0.687368;0.2;0.9;0.181818;500;100000;-0.000419229;0.000414833;0.00167302;0.00150042;2500;0.194./sim_patch_size_25_01_2024_213940_265
0;0.01;0.01;145785516;0.5;0.01;5;5;0;0;1;3.69158;0.687368;0.2;0.9;0.181818;500;100000;-0.000877729;0.000731234;0.00131882;0.000409643;2500;0.21./sim_patch_size_25_01_2024_213940_266
0;0.01;0.01;629203266;0.5;0.01;5;5;0;0;1;4.42789;0.687368;0.2;0.9;0.181818;500;100000;0.00075364;0.00514079;-0.00130096;0.00323056;2500;0.156./sim_patch_size_25_01_2024_213940_267
0;0.01;0.01;2297661;0.5;0.01;5;5;0;0;1;5.16421;0.687368;0.2;0.9;0.181818;500;100000;0.000485533;0.000806229;0.000417048;0.0010292;2500;0.188./sim_patch_size_25_01_2024_213940_268
0;0.01;0.01;3956803901;0.5;0.01;5;5;0;0;1;5.90053;0.687368;0.2;0.9;0.181818;500;100000;0.000840504;0.00108855;0.000382862;0.000823373;2500;0.136./sim_patch_size_25_01_2024_213940_269
0;0.01;0.01;2325390063;0.5;0.01;5;5;0;0;1;6.63684;0.687368;0.2;0.9;0.181818;500;100000;0.000999762;0.00126592;0.000409698;0.00072959;2500;0.176./sim_patch_size_25_01_2024_213940_270
0;0.01;0.01;2524851183;0.5;0.01;5;5;0;0;1;7.37316;0.687368;0.2;0.9;0.181818;500;100000;0.00108755;0.000607612;0.000473431;0.000708306;2500;0.18./sim_patch_size_25_01_2024_213940_271
0;0.01;0.01;641708978;0.5;0.01;5;5;0;0;1;8.10947;0.687368;0.2;0.9;0.181818;500;100000;0.00131099;0.000561946;0.000444497;0.000568958;2500;0.18./sim_patch_size_25_01_2024_213940_272
0;0.01;0.01;1882097005;0.5;0.01;5;5;0;0;1;8.84579;0.687368;0.2;0.9;0.181818;500;100000;0.00133604;0.000325078;0.000394516;0.000541276;2500;0.21./sim_patch_size_25_01_2024_213940_273
0;0.01;0.01;3481447086;0.5;0.01;5;5;0;0;1;9.58211;0.687368;0.2;0.9;0.181818;500;100000;0.00129121;0.00148816;0.00038572;0.00113725;2500;0.17./sim_patch_size_25_01_2024_213940_274
0;0.01;0.01;4207594766;0.5;0.01;5;5;0;0;1;10.3184;0.687368;0.2;0.9;0.181818;500;100000;0.00139763;0.000853513;0.000549219;0.000657639;2500;0.202./sim_patch_size_25_01_2024_213940_275
0;0.01;0.01;3661818689;0.5;0.01;5;5;0;0;1;11.0547;0.687368;0.2;0.9;0.181818;500;100000;0.00137787;0.000870227;0.000519532;0.00177068;2500;0.166./sim_patch_size_25_01_2024_213940_276
0;0.01;0.01;1964223552;0.5;0.01;5;5;0;0;1;11.7911;0.687368;0.2;0.9;0.181818;500;100000;0.00147456;0.00232048;0.000570221;0.00401317;2500;0.146./sim_patch_size_25_01_2024_213940_277
0;0.01;0.01;1820374402;0.5;0.01;5;5;0;0;1;12.5274;0.687368;0.2;0.9;0.181818;500;100000;0.00143193;0.000432647;0.000557958;0.000810516;2500;0.182./sim_patch_size_25_01_2024_213940_278
0;0.01;0.01;1761247607;0.5;0.01;5;5;0;0;1;13.2637;0.687368;0.2;0.9;0.181818;500;100000;0.00149615;0.000819081;0.000486347;0.00213471;2500;0.184./sim_patch_size_25_01_2024_213940_279
0;0.01;0.01;1531269652;0.5;0.01;5;5;0;0;1;14;0.687368;0.2;0.9;0.181818;500;100000;0.00141758;0.000321259;0.00051084;0.000412931;2500;0.182./sim_patch_size_25_01_2024_213940_280
0;0.01;0.01;893152681;0.5;0.01;5;5;0;0;1;0.01;0.739474;0.2;0.9;0.181818;500;100000;-0.00199793;6.09805e-05;-0.000886885;0.000434567;2500;0.184./sim_patch_size_25_01_2024_213940_281
0;0.01;0.01;2571492322;0.5;0.01;5;5;0;0;1;0.746316;0.739474;0.2;0.9;0.181818;500;100000;-0.00199885;2.62929e-05;0.000190446;0.000393023;2500;0.214./sim_patch_size_25_01_2024_213940_282
0;0.01;0.01;3120446215;0.5;0.01;5;5;0;0;1;1.48263;0.739474;0.2;0.9;0.181818;500;100000;-0.00100353;0.937603;0.00134795;1.17281;2500;0.21./sim_patch_size_25_01_2024_213940_283
0;0.01;0.01;1543675347;0.5;0.01;5;5;0;0;1;2.21895;0.739474;0.2;0.9;0.181818;500;100000;-0.000526853;0.000515977;0.00182279;0.000341676;2500;0.17./sim_patch_size_25_01_2024_213940_284
0;0.01;0.01;784350489;0.5;0.01;5;5;0;0;1;2.95526;0.739474;0.2;0.9;0.181818;500;100000;-0.000724969;0.00805855;0.00174975;0.00149681;2500;0.18./sim_patch_size_25_01_2024_213940_285
0;0.01;0.01;3792052360;0.5;0.01;5;5;0;0;1;3.69158;0.739474;0.2;0.9;0.181818;500;100000;-0.00100215;0.000409557;0.00143672;0.00138821;2500;0.162./sim_patch_size_25_01_2024_213940_286
0;0.01;0.01;2319186387;0.5;0.01;5;5;0;0;1;4.42789;0.739474;0.2;0.9;0.181818;500;100000;-0.00106954;0.000462111;0.00140216;0.000331438;2500;0.182./sim_patch_size_25_01_2024_213940_287
0;0.01;0.01;488926369;0.5;0.01;5;5;0;0;1;5.16421;0.739474;0.2;0.9;0.181818;500;100000;0.000572459;0.000469015;0.000355976;0.000671761;2500;0.184./sim_patch_size_25_01_2024_213940_288
0;0.01;0.01;1229030969;0.5;0.01;5;5;0;0;1;5.90053;0.739474;0.2;0.9;0.181818;500;100000;0.000900731;0.000916108;0.000402245;0.00062711;2500;0.16./sim_patch_size_25_01_2024_213940_289
0;0.01;0.01;4176387603;0.5;0.01;5;5;0;0;1;6.63684;0.739474;0.2;0.9;0.181818;500;100000;0.000985521;0.000728199;0.000527955;0.00198125;2500;0.194./sim_patch_size_25_01_2024_213940_290
0;0.01;0.01;3485906431;0.5;0.01;5;5;0;0;1;7.37316;0.739474;0.2;0.9;0.181818;500;100000;0.00119372;0.00113042;0.000430014;0.00240034;2500;0.184./sim_patch_size_25_01_2024_213940_291
0;0.01;0.01;4200593559;0.5;0.01;5;5;0;0;1;8.10947;0.739474;0.2;0.9;0.181818;500;100000;0.00119136;0.000866815;0.000553291;0.000505275;2500;0.176./sim_patch_size_25_01_2024_213940_292
0;0.01;0.01;2897937433;0.5;0.01;5;5;0;0;1;8.84579;0.739474;0.2;0.9;0.181818;500;100000;0.00135318;0.00229859;0.000396771;0.000991704;2500;0.182./sim_patch_size_25_01_2024_213940_293
0;0.01;0.01;1059998436;0.5;0.01;5;5;0;0;1;9.58211;0.739474;0.2;0.9;0.181818;500;100000;0.00140682;0.00413584;0.00056024;0.00247293;2500;0.166./sim_patch_size_25_01_2024_213940_294
0;0.01;0.01;4109984989;0.5;0.01;5;5;0;0;1;10.3184;0.739474;0.2;0.9;0.181818;500;100000;0.001379;0.0015493;0.000365584;0.000487579;2500;0.192./sim_patch_size_25_01_2024_213940_295
0;0.01;0.01;2830776029;0.5;0.01;5;5;0;0;1;11.0547;0.739474;0.2;0.9;0.181818;500;100000;0.00146776;0.00181459;0.000493541;0.00120086;2500;0.15./sim_patch_size_25_01_2024_213940_296
0;0.01;0.01;2171544453;0.5;0.01;5;5;0;0;1;11.7911;0.739474;0.2;0.9;0.181818;500;100000;0.001425;0.000379531;0.000466052;0.000424441;2500;0.178./sim_patch_size_25_01_2024_213940_297
0;0.01;0.01;336254647;0.5;0.01;5;5;0;0;1;12.5274;0.739474;0.2;0.9;0.181818;500;100000;0.00151719;0.00147513;0.000447349;0.00148619;2500;0.194./sim_patch_size_25_01_2024_213940_298
0;0.01;0.01;4113804594;0.5;0.01;5;5;0;0;1;13.2637;0.739474;0.2;0.9;0.181818;500;100000;0.00162547;0.000407309;0.000471273;0.00193517;2500;0.194./sim_patch_size_25_01_2024_213940_299
0;0.01;0.01;1076108620;0.5;0.01;5;5;0;0;1;14;0.739474;0.2;0.9;0.181818;500;100000;0.00146586;0.00094725;0.000427776;0.000774662;2500;0.174./sim_patch_size_25_01_2024_213940_300
0;0.01;0.01;2233765348;0.5;0.01;5;5;0;0;1;0.01;0.791579;0.2;0.9;0.181818;500;100000;-0.00199687;0.00012005;-0.0010453;0.000708951;2500;0.192./sim_patch_size_25_01_2024_213940_301
0;0.01;0.01;209053317;0.5;0.01;5;5;0;0;1;0.746316;0.791579;0.2;0.9;0.181818;500;100000;-0.0019963;9.90563e-05;0.000337108;0.00108333;2500;0.176./sim_patch_size_25_01_2024_213940_302
0;0.01;0.01;1556925932;0.5;0.01;5;5;0;0;1;1.48263;0.791579;0.2;0.9;0.181818;500;100000;-0.00106531;0.614798;0.00133543;0.00304346;2500;0.204./sim_patch_size_25_01_2024_213940_303
0;0.01;0.01;3276284595;0.5;0.01;5;5;0;0;1;2.21895;0.791579;0.2;0.9;0.181818;500;100000;-0.00032895;0.000567671;0.00182652;0.000393535;2500;0.192./sim_patch_size_25_01_2024_213940_304
0;0.01;0.01;1206756089;0.5;0.01;5;5;0;0;1;2.95526;0.791579;0.2;0.9;0.181818;500;100000;-0.000695084;0.00317205;0.00189731;0.000902072;2500;0.204./sim_patch_size_25_01_2024_213940_305
0;0.01;0.01;2185193110;0.5;0.01;5;5;0;0;1;3.69158;0.791579;0.2;0.9;0.181818;500;100000;-0.000848433;0.00108207;0.00172197;0.00102686;2500;0.194./sim_patch_size_25_01_2024_213940_306
0;0.01;0.01;649409007;0.5;0.01;5;5;0;0;1;4.42789;0.791579;0.2;0.9;0.181818;500;100000;-0.00104149;0.000476509;0.0017044;0.00142918;2500;0.17./sim_patch_size_25_01_2024_213940_307
0;0.01;0.01;1054263198;0.5;0.01;5;5;0;0;1;5.16421;0.791579;0.2;0.9;0.181818;500;100000;0.000500328;0.00195852;0.000399428;0.000768218;2500;0.188./sim_patch_size_25_01_2024_213940_308
0;0.01;0.01;3621926394;0.5;0.01;5;5;0;0;1;5.90053;0.791579;0.2;0.9;0.181818;500;100000;0.000882443;0.00138213;0.000533385;0.00101735;2500;0.166./sim_patch_size_25_01_2024_213940_309
0;0.01;0.01;3131039359;0.5;0.01;5;5;0;0;1;6.63684;0.791579;0.2;0.9;0.181818;500;100000;0.00101961;0.000651975;0.000426105;0.00184923;2500;0.154./sim_patch_size_25_01_2024_213940_310
0;0.01;0.01;1835369559;0.5;0.01;5;5;0;0;1;7.37316;0.791579;0.2;0.9;0.181818;500;100000;0.00133282;0.00268438;0.000411768;0.00139012;2500;0.192./sim_patch_size_25_01_2024_213940_311
0;0.01;0.01;1923695422;0.5;0.01;5;5;0;0;1;8.10947;0.791579;0.2;0.9;0.181818;500;100000;0.00129606;0.00200324;0.000586542;0.00204361;2500;0.186./sim_patch_size_25_01_2024_213940_312
0;0.01;0.01;997440868;0.5;0.01;5;5;0;0;1;8.84579;0.791579;0.2;0.9;0.181818;500;100000;0.00138304;0.000769622;0.000456102;0.000653923;2500;0.154./sim_patch_size_25_01_2024_213940_313
0;0.01;0.01;2031130716;0.5;0.01;5;5;0;0;1;9.58211;0.791579;0.2;0.9;0.181818;500;100000;0.00136194;0.00290054;0.000435224;0.00277078;2500;0.178./sim_patch_size_25_01_2024_213940_314
0;0.01;0.01;3459424391;0.5;0.01;5;5;0;0;1;10.3184;0.791579;0.2;0.9;0.181818;500;100000;0.00145059;0.000921454;0.000730599;0.000738569;2500;0.178./sim_patch_size_25_01_2024_213940_315
0;0.01;0.01;693300704;0.5;0.01;5;5;0;0;1;11.0547;0.791579;0.2;0.9;0.181818;500;100000;0.00155455;0.000441075;0.000635782;0.00226277;2500;0.178./sim_patch_size_25_01_2024_213940_316
0;0.01;0.01;2663736738;0.5;0.01;5;5;0;0;1;11.7911;0.791579;0.2;0.9;0.181818;500;100000;0.00154676;0.000345591;0.000693828;0.00177233;2500;0.18./sim_patch_size_25_01_2024_213940_317
0;0.01;0.01;3534464946;0.5;0.01;5;5;0;0;1;12.5274;0.791579;0.2;0.9;0.181818;500;100000;0.00166956;0.00130787;0.000405854;0.00241865;2500;0.166./sim_patch_size_25_01_2024_213940_318
0;0.01;0.01;3620796256;0.5;0.01;5;5;0;0;1;13.2637;0.791579;0.2;0.9;0.181818;500;100000;0.00157171;0.0010598;0.00060666;0.000945423;2500;0.176./sim_patch_size_25_01_2024_213940_319
0;0.01;0.01;3238710013;0.5;0.01;5;5;0;0;1;14;0.791579;0.2;0.9;0.181818;500;100000;0.00171137;0.000604962;0.000546757;0.000658198;2500;0.222./sim_patch_size_25_01_2024_213940_320
0;0.01;0.01;369135256;0.5;0.01;5;5;0;0;1;0.01;0.843684;0.2;0.9;0.181818;500;100000;-0.00199164;0.000205053;-0.000907044;0.00237999;2500;0.186./sim_patch_size_25_01_2024_213940_321
0;0.01;0.01;3021500758;0.5;0.01;5;5;0;0;1;0.746316;0.843684;0.2;0.9;0.181818;500;100000;-0.00199748;6.95528e-05;-0.000123429;0.0010495;2500;0.186./sim_patch_size_25_01_2024_213940_322
0;0.01;0.01;3655384435;0.5;0.01;5;5;0;0;1;1.48263;0.843684;0.2;0.9;0.181818;500;100000;-0.00085649;0.0621355;0.00149582;0.00186861;2500;0.194./sim_patch_size_25_01_2024_213940_323
0;0.01;0.01;2305775674;0.5;0.01;5;5;0;0;1;2.21895;0.843684;0.2;0.9;0.181818;500;100000;-0.000540763;0.000148589;0.00199694;8.41052e-05;2500;0.188./sim_patch_size_25_01_2024_213940_324
0;0.01;0.01;3400754800;0.5;0.01;5;5;0;0;1;2.95526;0.843684;0.2;0.9;0.181818;500;100000;-0.000639599;0.00113839;0.00199591;0.000129866;2500;0.18./sim_patch_size_25_01_2024_213940_325
0;0.01;0.01;1345021748;0.5;0.01;5;5;0;0;1;3.69158;0.843684;0.2;0.9;0.181818;500;100000;-0.000960624;0.00180308;0.0019792;0.00100766;2500;0.196./sim_patch_size_25_01_2024_213940_326
0;0.01;0.01;1032162296;0.5;0.01;5;5;0;0;1;4.42789;0.843684;0.2;0.9;0.181818;500;100000;-0.00112167;0.000852859;0.00154075;0.000569453;2500;0.16./sim_patch_size_25_01_2024_213940_327
0;0.01;0.01;2004435419;0.5;0.01;5;5;0;0;1;5.16421;0.843684;0.2;0.9;0.181818;500;100000;0.000573206;0.00154091;0.000378375;0.000834531;2500;0.232./sim_patch_size_25_01_2024_213940_328
0;0.01;0.01;4255199921;0.5;0.01;5;5;0;0;1;5.90053;0.843684;0.2;0.9;0.181818;500;100000;0.000932632;0.00163521;0.000461491;0.000902555;2500;0.174./sim_patch_size_25_01_2024_213940_329
0;0.01;0.01;717149492;0.5;0.01;5;5;0;0;1;6.63684;0.843684;0.2;0.9;0.181818;500;100000;0.00113114;0.00126261;0.000525463;0.000508115;2500;0.194./sim_patch_size_25_01_2024_213940_330
0;0.01;0.01;2630881393;0.5;0.01;5;5;0;0;1;7.37316;0.843684;0.2;0.9;0.181818;500;100000;0.00133471;0.00082368;0.000535289;0.000564804;2500;0.172./sim_patch_size_25_01_2024_213940_331
0;0.01;0.01;2364159579;0.5;0.01;5;5;0;0;1;8.10947;0.843684;0.2;0.9;0.181818;500;100000;0.00141792;0.000364067;0.000617865;0.0011575;2500;0.212./sim_patch_size_25_01_2024_213940_332
0;0.01;0.01;1757376995;0.5;0.01;5;5;0;0;1;8.84579;0.843684;0.2;0.9;0.181818;500;100000;0.00140333;0.000401579;0.00056644;0.000478976;2500;0.202./sim_patch_size_25_01_2024_213940_333
0;0.01;0.01;2212688273;0.5;0.01;5;5;0;0;1;9.58211;0.843684;0.2;0.9;0.181818;500;100000;0.00144905;0.000744731;0.000442055;0.00268546;2500;0.182./sim_patch_size_25_01_2024_213940_334
0;0.01;0.01;2144258377;0.5;0.01;5;5;0;0;1;10.3184;0.843684;0.2;0.9;0.181818;500;100000;0.00158093;0.000477651;0.000618284;0.00052154;2500;0.188./sim_patch_size_25_01_2024_213940_335
0;0.01;0.01;848587830;0.5;0.01;5;5;0;0;1;11.0547;0.843684;0.2;0.9;0.181818;500;100000;0.00152849;0.000586174;0.000468967;0.00236842;2500;0.184./sim_patch_size_25_01_2024_213940_336
0;0.01;0.01;2209436815;0.5;0.01;5;5;0;0;1;11.7911;0.843684;0.2;0.9;0.181818;500;100000;0.00170104;0.00189596;0.00051747;0.00564377;2500;0.176./sim_patch_size_25_01_2024_213940_337
0;0.01;0.01;1576767464;0.5;0.01;5;5;0;0;1;12.5274;0.843684;0.2;0.9;0.181818;500;100000;0.00168069;0.00155186;0.000405325;0.00117117;2500;0.192./sim_patch_size_25_01_2024_213940_338
0;0.01;0.01;891901805;0.5;0.01;5;5;0;0;1;13.2637;0.843684;0.2;0.9;0.181818;500;100000;0.00172058;0.000380584;0.000616758;0.00133347;2500;0.178./sim_patch_size_25_01_2024_213940_339
0;0.01;0.01;1666087245;0.5;0.01;5;5;0;0;1;14;0.843684;0.2;0.9;0.181818;500;100000;0.00183675;0.00120978;-8.24947e-05;0.00144838;2500;0.204./sim_patch_size_25_01_2024_213940_340
0;0.01;0.01;1455410072;0.5;0.01;5;5;0;0;1;0.01;0.895789;0.2;0.9;0.181818;500;100000;-0.0019957;0.000108285;-0.00100428;0.000867128;2500;0.17./sim_patch_size_25_01_2024_213940_341
0;0.01;0.01;2544709384;0.5;0.01;5;5;0;0;1;0.746316;0.895789;0.2;0.9;0.181818;500;100000;-0.00199643;0.000111932;-0.000198641;0.00927874;2500;0.174./sim_patch_size_25_01_2024_213940_342
0;0.01;0.01;1307931863;0.5;0.01;5;5;0;0;1;1.48263;0.895789;0.2;0.9;0.181818;500;100000;-0.00104247;0.000183694;0.00160169;0.000372903;2500;0.196./sim_patch_size_25_01_2024_213940_343
0;0.01;0.01;446087342;0.5;0.01;5;5;0;0;1;2.21895;0.895789;0.2;0.9;0.181818;500;100000;-0.000487328;0.00213843;0.00199026;0.000465469;2500;0.182./sim_patch_size_25_01_2024_213940_344
0;0.01;0.01;2144482853;0.5;0.01;5;5;0;0;1;2.95526;0.895789;0.2;0.9;0.181818;500;100000;-0.000718551;0.00184013;0.00199232;0.00029061;2500;0.188./sim_patch_size_25_01_2024_213940_345
0;0.01;0.01;2288308655;0.5;0.01;5;5;0;0;1;3.69158;0.895789;0.2;0.9;0.181818;500;100000;-0.000964221;0.000416169;0.00167182;0.000584063;2500;0.158./sim_patch_size_25_01_2024_213940_346
0;0.01;0.01;2528476486;0.5;0.01;5;5;0;0;1;4.42789;0.895789;0.2;0.9;0.181818;500;100000;-0.00124187;0.000544218;0.00143155;0.000705503;2500;0.192./sim_patch_size_25_01_2024_213940_347
0;0.01;0.01;1871526992;0.5;0.01;5;5;0;0;1;5.16421;0.895789;0.2;0.9;0.181818;500;100000;0.000550596;0.000470137;0.000406464;0.00202791;2500;0.19./sim_patch_size_25_01_2024_213940_348
0;0.01;0.01;1405012735;0.5;0.01;5;5;0;0;1;5.90053;0.895789;0.2;0.9;0.181818;500;100000;0.000943901;0.00170819;0.00049491;0.00298483;2500;0.194./sim_patch_size_25_01_2024_213940_349
0;0.01;0.01;654851689;0.5;0.01;5;5;0;0;1;6.63684;0.895789;0.2;0.9;0.181818;500;100000;0.00122855;0.000615177;0.00053612;0.00140936;2500;0.176./sim_patch_size_25_01_2024_213940_350
0;0.01;0.01;2123288178;0.5;0.01;5;5;0;0;1;7.37316;0.895789;0.2;0.9;0.181818;500;100000;0.00140016;0.00349862;0.000490099;0.000758508;2500;0.204./sim_patch_size_25_01_2024_213940_351
0;0.01;0.01;1844470941;0.5;0.01;5;5;0;0;1;8.10947;0.895789;0.2;0.9;0.181818;500;100000;0.00135644;0.00515029;0.000634737;0.0036196;2500;0.148./sim_patch_size_25_01_2024_213940_352
0;0.01;0.01;358282296;0.5;0.01;5;5;0;0;1;8.84579;0.895789;0.2;0.9;0.181818;500;100000;0.00139328;0.00229512;0.000660042;0.0017133;2500;0.18./sim_patch_size_25_01_2024_213940_353
0;0.01;0.01;3407956058;0.5;0.01;5;5;0;0;1;9.58211;0.895789;0.2;0.9;0.181818;500;100000;0.00155251;0.00132458;0.000713459;0.00166545;2500;0.166./sim_patch_size_25_01_2024_213940_354
0;0.01;0.01;2596969615;0.5;0.01;5;5;0;0;1;10.3184;0.895789;0.2;0.9;0.181818;500;100000;0.00176002;0.00162414;0.000535078;0.0014672;2500;0.176./sim_patch_size_25_01_2024_213940_355
0;0.01;0.01;3034170238;0.5;0.01;5;5;0;0;1;11.0547;0.895789;0.2;0.9;0.181818;500;100000;0.0016301;0.00225623;0.000599165;0.00168151;2500;0.19./sim_patch_size_25_01_2024_213940_356
0;0.01;0.01;441306941;0.5;0.01;5;5;0;0;1;11.7911;0.895789;0.2;0.9;0.181818;500;100000;0.0016611;0.000714329;0.000567211;0.00104702;2500;0.194./sim_patch_size_25_01_2024_213940_357
0;0.01;0.01;3244360486;0.5;0.01;5;5;0;0;1;12.5274;0.895789;0.2;0.9;0.181818;500;100000;0.00180917;0.00119563;0.000430591;0.00170698;2500;0.184./sim_patch_size_25_01_2024_213940_358
0;0.01;0.01;1413693123;0.5;0.01;5;5;0;0;1;13.2637;0.895789;0.2;0.9;0.181818;500;100000;0.00194049;0.00269773;0.000451186;0.00155808;2500;0.176./sim_patch_size_25_01_2024_213940_359
0;0.01;0.01;3556967781;0.5;0.01;5;5;0;0;1;14;0.895789;0.2;0.9;0.181818;500;100000;0.00189902;0.00101986;0.000557321;0.000673781;2500;0.162./sim_patch_size_25_01_2024_213940_360
0;0.01;0.01;1272833514;0.5;0.01;5;5;0;0;1;0.01;0.947895;0.2;0.9;0.181818;500;100000;-0.00199615;0.000117368;-0.00127971;0.00223586;2500;0.172./sim_patch_size_25_01_2024_213940_361
0;0.01;0.01;1610618036;0.5;0.01;5;5;0;0;1;0.746316;0.947895;0.2;0.9;0.181818;500;100000;-0.00199471;0.00018208;0.000268002;0.000694192;2500;0.208./sim_patch_size_25_01_2024_213940_362
0;0.01;0.01;3236675498;0.5;0.01;5;5;0;0;1;1.48263;0.947895;0.2;0.9;0.181818;500;100000;-0.00120419;1.79378;0.00151111;0.0527428;2500;0.2./sim_patch_size_25_01_2024_213940_363
0;0.01;0.01;2326916402;0.5;0.01;5;5;0;0;1;2.21895;0.947895;0.2;0.9;0.181818;500;100000;-0.000325543;0.00041738;0.00199339;0.000157491;2500;0.17./sim_patch_size_25_01_2024_213940_364
0;0.01;0.01;1707345567;0.5;0.01;5;5;0;0;1;2.95526;0.947895;0.2;0.9;0.181818;500;100000;-0.00063502;0.00111166;0.00199692;0.000111136;2500;0.164./sim_patch_size_25_01_2024_213940_365
0;0.01;0.01;2167985623;0.5;0.01;5;5;0;0;1;3.69158;0.947895;0.2;0.9;0.181818;500;100000;-0.00103353;0.000403804;0.0019085;0.000425232;2500;0.194./sim_patch_size_25_01_2024_213940_366
0;0.01;0.01;4243232933;0.5;0.01;5;5;0;0;1;4.42789;0.947895;0.2;0.9;0.181818;500;100000;-0.00116747;0.000412397;0.00169406;0.000793645;2500;0.196./sim_patch_size_25_01_2024_213940_367
0;0.01;0.01;3391254484;0.5;0.01;5;5;0;0;1;5.16421;0.947895;0.2;0.9;0.181818;500;100000;0.000508227;0.000649773;0.000429765;0.000809589;2500;0.18./sim_patch_size_25_01_2024_213940_368
0;0.01;0.01;81350478;0.5;0.01;5;5;0;0;1;5.90053;0.947895;0.2;0.9;0.181818;500;100000;0.000984285;0.000815361;0.00063394;0.000948236;2500;0.148./sim_patch_size_25_01_2024_213940_369
0;0.01;0.01;2716138737;0.5;0.01;5;5;0;0;1;6.63684;0.947895;0.2;0.9;0.181818;500;100000;0.00122074;0.000950026;0.000737814;0.000779244;2500;0.2./sim_patch_size_25_01_2024_213940_370
0;0.01;0.01;2417877718;0.5;0.01;5;5;0;0;1;7.37316;0.947895;0.2;0.9;0.181818;500;100000;0.00137717;0.000573948;0.000579021;0.000739801;2500;0.174./sim_patch_size_25_01_2024_213940_371
0;0.01;0.01;3950296390;0.5;0.01;5;5;0;0;1;8.10947;0.947895;0.2;0.9;0.181818;500;100000;0.00152798;0.00248748;0.000479297;0.000543025;2500;0.206./sim_patch_size_25_01_2024_213940_372
0;0.01;0.01;935841929;0.5;0.01;5;5;0;0;1;8.84579;0.947895;0.2;0.9;0.181818;500;100000;0.00148373;0.000586094;0.000553084;0.00271793;2500;0.172./sim_patch_size_25_01_2024_213940_373
0;0.01;0.01;3131222852;0.5;0.01;5;5;0;0;1;9.58211;0.947895;0.2;0.9;0.181818;500;100000;0.0017694;0.00264849;0.000564509;0.000398781;2500;0.196./sim_patch_size_25_01_2024_213940_374
0;0.01;0.01;3639235763;0.5;0.01;5;5;0;0;1;10.3184;0.947895;0.2;0.9;0.181818;500;100000;0.00173748;0.000530014;0.00071408;0.00136427;2500;0.168./sim_patch_size_25_01_2024_213940_375
0;0.01;0.01;2939030550;0.5;0.01;5;5;0;0;1;11.0547;0.947895;0.2;0.9;0.181818;500;100000;0.00171988;0.00223793;0.000628435;0.00383602;2500;0.218./sim_patch_size_25_01_2024_213940_376
0;0.01;0.01;3002972970;0.5;0.01;5;5;0;0;1;11.7911;0.947895;0.2;0.9;0.181818;500;100000;0.00177628;0.0006122;0.000388067;0.00600583;2500;0.21./sim_patch_size_25_01_2024_213940_377
0;0.01;0.01;2243073674;0.5;0.01;5;5;0;0;1;12.5274;0.947895;0.2;0.9;0.181818;500;100000;0.00180075;0.000940984;0.000488051;0.000509081;2500;0.176./sim_patch_size_25_01_2024_213940_378
0;0.01;0.01;453356857;0.5;0.01;5;5;0;0;1;13.2637;0.947895;0.2;0.9;0.181818;500;100000;0.00173691;0.000547735;0.000649011;0.00131675;2500;0.202./sim_patch_size_25_01_2024_213940_379
0;0.01;0.01;3989038102;0.5;0.01;5;5;0;0;1;14;0.947895;0.2;0.9;0.181818;500;100000;0.00191203;0.00111355;0.00062196;0.00116368;2500;0.158./sim_patch_size_25_01_2024_213940_380
0;0.01;0.01;3656932343;0.5;0.01;5;5;0;0;1;0.01;1;0.2;0.9;0.181818;500;100000;-0.00199656;0.000100509;-0.00121145;0.000862869;2500;0.168./sim_patch_size_25_01_2024_213940_381
0;0.01;0.01;2150709115;0.5;0.01;5;5;0;0;1;0.746316;1;0.2;0.9;0.181818;500;100000;-0.00199713;9.36198e-05;0.000199101;0.00312218;2500;0.174./sim_patch_size_25_01_2024_213940_382
0;0.01;0.01;1545873400;0.5;0.01;5;5;0;0;1;1.48263;1;0.2;0.9;0.181818;500;100000;-0.00102526;1.23113;0.00171589;1.25841;2500;0.176./sim_patch_size_25_01_2024_213940_383
0;0.01;0.01;3838105229;0.5;0.01;5;5;0;0;1;2.21895;1;0.2;0.9;0.181818;500;100000;-0.00033332;0.00137115;0.00199046;0.000428632;2500;0.15./sim_patch_size_25_01_2024_213940_384
0;0.01;0.01;3550768558;0.5;0.01;5;5;0;0;1;2.95526;1;0.2;0.9;0.181818;500;100000;-0.000626957;0.000502043;0.00199;0.000424401;2500;0.184./sim_patch_size_25_01_2024_213940_385
0;0.01;0.01;159810838;0.5;0.01;5;5;0;0;1;3.69158;1;0.2;0.9;0.181818;500;100000;-0.00102282;0.000921316;0.00198886;0.000401131;2500;0.154./sim_patch_size_25_01_2024_213940_386
0;0.01;0.01;1092673733;0.5;0.01;5;5;0;0;1;4.42789;1;0.2;0.9;0.181818;500;100000;-0.00121568;0.00124727;0.00158191;0.000592871;2500;0.176./sim_patch_size_25_01_2024_213940_387
0;0.01;0.01;3073227213;0.5;0.01;5;5;0;0;1;5.16421;1;0.2;0.9;0.181818;500;100000;0.00040996;0.000898975;0.000289048;0.00244514;2500;0.172./sim_patch_size_25_01_2024_213940_388
0;0.01;0.01;147357118;0.5;0.01;5;5;0;0;1;5.90053;1;0.2;0.9;0.181818;500;100000;0.000979494;0.00112672;0.000677459;0.00226715;2500;0.17./sim_patch_size_25_01_2024_213940_389
0;0.01;0.01;3895128739;0.5;0.01;5;5;0;0;1;6.63684;1;0.2;0.9;0.181818;500;100000;0.00129474;0.00463381;0.000788939;0.00229409;2500;0.188./sim_patch_size_25_01_2024_213940_390
0;0.01;0.01;2354480269;0.5;0.01;5;5;0;0;1;7.37316;1;0.2;0.9;0.181818;500;100000;0.00138179;0.000843168;0.000675149;0.000342012;2500;0.156./sim_patch_size_25_01_2024_213940_391
0;0.01;0.01;2341637422;0.5;0.01;5;5;0;0;1;8.10947;1;0.2;0.9;0.181818;500;100000;0.00148693;0.000566616;0.000736178;0.000768927;2500;0.16./sim_patch_size_25_01_2024_213940_392
0;0.01;0.01;1138135694;0.5;0.01;5;5;0;0;1;8.84579;1;0.2;0.9;0.181818;500;100000;0.00155126;0.000444636;0.000563731;0.000741803;2500;0.178./sim_patch_size_25_01_2024_213940_393
0;0.01;0.01;956681705;0.5;0.01;5;5;0;0;1;9.58211;1;0.2;0.9;0.181818;500;100000;0.00162949;0.000404679;0.000492991;0.000989808;2500;0.156./sim_patch_size_25_01_2024_213940_394
0;0.01;0.01;414471741;0.5;0.01;5;5;0;0;1;10.3184;1;0.2;0.9;0.181818;500;100000;0.0017922;0.00207086;0.000721287;0.00103624;2500;0.186./sim_patch_size_25_01_2024_213940_395
0;0.01;0.01;1127859842;0.5;0.01;5;5;0;0;1;11.0547;1;0.2;0.9;0.181818;500;100000;0.00193499;0.000889099;0.000499746;0.000559885;2500;0.184./sim_patch_size_25_01_2024_213940_396
0;0.01;0.01;3216706954;0.5;0.01;5;5;0;0;1;11.7911;1;0.2;0.9;0.181818;500;100000;0.00195339;0.00194631;0.000608799;0.00126004;2500;0.16./sim_patch_size_25_01_2024_213940_397
0;0.01;0.01;2133122812;0.5;0.01;5;5;0;0;1;12.5274;1;0.2;0.9;0.181818;500;100000;0.00189819;0.00116774;0.000817472;0.000547414;2500;0.194./sim_patch_size_25_01_2024_213940_398
0;0.01;0.01;877872071;0.5;0.01;5;5;0;0;1;13.2637;1;0.2;0.9;0.181818;500;100000;0.00189793;0.00173905;0.000649998;0.00130821;2500;0.2./sim_patch_size_25_01_2024_213940_399
0;0.01;0.01;3789381491;0.5;0.01;5;5;0;0;1;14;1;0.2;0.9;0.181818;500;100000;0.00185677;0.000699703;0.00060026;0.00312571;2500;0.18./sim_patch_size_25_01_2024_213940_400
